empleado_id,departamento,ubicacion,turno,tipo_incidente,gravedad,causa_raiz,area,fecha,hora,mes,anio,trimestre,dias_perdidos,es_registrable,es_lti
1000,Perforación,Neuquén - Vaca Muerta,Diurno,Primeros auxilios,1,Falta de EPP,Pozos / Drilling,2023-03-22,15,3,2023,Q1,0,0,0
1001,Perforación,Salta - NOA,Rotativo 14x14,Primeros auxilios,1,Comunicación deficiente,Oficina / Comedor,2024-03-23,15,3,2024,Q1,0,0,0
1001,Perforación,Salta - NOA,Rotativo 14x14,Incidente ambiental,2,Comunicación deficiente,Transporte en ruta,2023-01-13,15,1,2023,Q1,0,1,0
1001,Perforación,Salta - NOA,Rotativo 14x14,Tiempo perdido (LTI),3,Procedimiento inadecuado,Área eléctrica,2024-07-16,9,7,2024,Q3,9,1,1
1001,Perforación,Salta - NOA,Rotativo 14x14,Fatalidad,5,Condición climática,Transporte en ruta,2023-01-18,18,1,2023,Q1,0,1,0
1003,Perforación,Salta - NOA,Nocturno,Primeros auxilios,1,Condición insegura,Taller mecánico,2024-10-16,18,10,2024,Q4,0,0,0
1003,Perforación,Salta - NOA,Nocturno,Primeros auxilios,1,Condición insegura,Pozos / Drilling,2022-07-30,13,7,2022,Q3,0,0,0
1005,Perforación,Salta - NOA,Diurno,Casi accidente (near miss),0,Acto inseguro,Transporte en ruta,2023-03-23,12,3,2023,Q1,0,0,0
1006,Perforación,Chubut - San Jorge,Diurno,Tiempo perdido (LTI),3,Procedimiento inadecuado,Pozos / Drilling,2024-12-10,2,12,2024,Q4,6,1,1
1007,Perforación,Salta - NOA,Rotativo 14x14,Primeros auxilios,1,Comunicación deficiente,Área eléctrica,2022-07-28,20,7,2022,Q3,0,0,0
1009,Perforación,Chubut - San Jorge,Rotativo 14x14,Casi accidente (near miss),0,Condición insegura,Área eléctrica,2023-01-25,10,1,2023,Q1,0,0,0
1013,Perforación,Neuquén - Vaca Muerta,Rotativo 7x7,Casi accidente (near miss),0,Falta de EPP,Pozos / Drilling,2024-12-02,14,12,2024,Q4,0,0,0
1015,Perforación,Neuquén - Vaca Muerta,Nocturno,Tratamiento médico,2,Procedimiento inadecuado,Oficina / Comedor,2024-12-08,13,12,2024,Q4,0,1,0
1016,Perforación,Neuquén - Vaca Muerta,Rotativo 14x14,Primeros auxilios,1,Acto inseguro,Tanques / Almacenamiento,2024-01-08,14,1,2024,Q1,0,0,0
1016,Perforación,Neuquén - Vaca Muerta,Rotativo 14x14,Casi accidente (near miss),0,Comunicación deficiente,Tanques / Almacenamiento,2024-08-01,12,8,2024,Q3,0,0,0
1017,Perforación,Neuquén - Vaca Muerta,Rotativo 14x14,Primeros auxilios,1,Falta de EPP,Pozos / Drilling,2024-01-14,12,1,2024,Q1,0,0,0
1018,Perforación,Neuquén - Vaca Muerta,Rotativo 7x7,Casi accidente (near miss),0,Condición climática,Pozos / Drilling,2024-01-30,15,1,2024,Q1,0,0,0
1018,Perforación,Neuquén - Vaca Muerta,Rotativo 7x7,Tratamiento médico,2,Acto inseguro,Tanques / Almacenamiento,2023-10-02,19,10,2023,Q4,0,1,0
1019,Perforación,Neuquén - Vaca Muerta,Rotativo 14x14,Casi accidente (near miss),0,Fatiga/turno extendido,Taller mecánico,2023-11-23,13,11,2023,Q4,0,0,0
1021,Perforación,Neuquén - Vaca Muerta,Nocturno,Casi accidente (near miss),0,Falla de equipo,Área eléctrica,2023-03-13,17,3,2023,Q1,0,0,0
1024,Perforación,Neuquén - Vaca Muerta,Nocturno,Casi accidente (near miss),0,Falla de equipo,Área eléctrica,2023-04-24,18,4,2023,Q2,0,0,0
1024,Perforación,Neuquén - Vaca Muerta,Nocturno,Casi accidente (near miss),0,Fatiga/turno extendido,Oficina / Comedor,2024-03-29,13,3,2024,Q1,0,0,0
1026,Perforación,Neuquén - Vaca Muerta,Rotativo 14x14,Casi accidente (near miss),0,Condición insegura,Área eléctrica,2023-06-13,10,6,2023,Q2,0,0,0
1026,Perforación,Neuquén - Vaca Muerta,Rotativo 14x14,Tratamiento médico,2,Procedimiento inadecuado,Transporte en ruta,2022-08-25,15,8,2022,Q3,0,1,0
1027,Perforación,Chubut - San Jorge,Rotativo 14x14,Tiempo perdido (LTI),3,Falta de EPP,Taller mecánico,2022-11-09,14,11,2022,Q4,30,1,1
1027,Perforación,Chubut - San Jorge,Rotativo 14x14,Tratamiento médico,2,Condición climática,Tanques / Almacenamiento,2023-05-03,5,5,2023,Q2,0,1,0
1029,Perforación,Chubut - San Jorge,Diurno,Tiempo perdido (LTI),3,Condición climática,Oficina / Comedor,2022-06-22,13,6,2022,Q2,7,1,1
1030,Perforación,Chubut - San Jorge,Rotativo 7x7,Casi accidente (near miss),0,Condición climática,Planta compresora,2023-04-25,10,4,2023,Q2,0,0,0
1031,Perforación,Neuquén - Vaca Muerta,Nocturno,Tiempo perdido (LTI),3,Fatiga/turno extendido,Transporte en ruta,2022-09-11,8,9,2022,Q3,2,1,1
1031,Perforación,Neuquén - Vaca Muerta,Nocturno,Tratamiento médico,2,Procedimiento inadecuado,Oficina / Comedor,2024-04-21,10,4,2024,Q2,0,1,0
1032,Perforación,Neuquén - Vaca Muerta,Rotativo 7x7,Primeros auxilios,1,Fatiga/turno extendido,Planta compresora,2024-09-23,17,9,2024,Q3,0,0,0
1032,Perforación,Neuquén - Vaca Muerta,Rotativo 7x7,Casi accidente (near miss),0,Acto inseguro,Planta compresora,2023-12-16,13,12,2023,Q4,0,0,0
1032,Perforación,Neuquén - Vaca Muerta,Rotativo 7x7,Tiempo perdido (LTI),3,Procedimiento inadecuado,Planta compresora,2023-01-11,11,1,2023,Q1,8,1,1
1039,Perforación,Neuquén - Vaca Muerta,Diurno,Incapacidad permanente parcial,4,Comunicación deficiente,Oficina / Comedor,2023-08-15,15,8,2023,Q3,128,1,0
1040,Perforación,Mendoza - Cuyo,Rotativo 14x14,Casi accidente (near miss),0,Falta de EPP,Pozos / Drilling,2023-11-11,11,11,2023,Q4,0,0,0
1043,Perforación,Mendoza - Cuyo,Rotativo 14x14,Primeros auxilios,1,Falla de equipo,Pozos / Drilling,2022-09-11,13,9,2022,Q3,0,0,0
1043,Perforación,Mendoza - Cuyo,Rotativo 14x14,Tiempo perdido (LTI),3,Procedimiento inadecuado,Tanques / Almacenamiento,2022-04-26,10,4,2022,Q2,8,1,1
1044,Perforación,Mendoza - Cuyo,Rotativo 14x14,Casi accidente (near miss),0,Falla de equipo,Pozos / Drilling,2024-06-11,9,6,2024,Q2,0,0,0
1045,Perforación,Neuquén - Vaca Muerta,Rotativo 14x14,Tiempo perdido (LTI),3,Falta de EPP,Tanques / Almacenamiento,2024-05-15,8,5,2024,Q2,3,1,1
1045,Perforación,Neuquén - Vaca Muerta,Rotativo 14x14,Incidente ambiental,2,Condición climática,Pozos / Drilling,2024-07-24,20,7,2024,Q3,0,1,0
1046,Perforación,Mendoza - Cuyo,Diurno,Casi accidente (near miss),0,Falta de EPP,Área eléctrica,2022-06-16,13,6,2022,Q2,0,0,0
1047,Perforación,Neuquén - Vaca Muerta,Nocturno,Primeros auxilios,1,Acto inseguro,Pozos / Drilling,2023-12-31,10,12,2023,Q4,0,0,0
1047,Perforación,Neuquén - Vaca Muerta,Nocturno,Tratamiento médico,2,Condición insegura,Área eléctrica,2024-04-05,9,4,2024,Q2,0,1,0
1047,Perforación,Neuquén - Vaca Muerta,Nocturno,Casi accidente (near miss),0,Condición insegura,Pozos / Drilling,2024-04-19,20,4,2024,Q2,0,0,0
1048,Perforación,Neuquén - Vaca Muerta,Rotativo 14x14,Tratamiento médico,2,Procedimiento inadecuado,Área eléctrica,2024-05-24,8,5,2024,Q2,0,1,0
1048,Perforación,Neuquén - Vaca Muerta,Rotativo 14x14,Primeros auxilios,1,Procedimiento inadecuado,Área eléctrica,2022-07-24,20,7,2022,Q3,0,0,0
1051,Perforación,Neuquén - Vaca Muerta,Rotativo 14x14,Tiempo perdido (LTI),3,Procedimiento inadecuado,Tanques / Almacenamiento,2023-05-01,15,5,2023,Q2,25,1,1
1051,Perforación,Neuquén - Vaca Muerta,Rotativo 14x14,Primeros auxilios,1,Condición insegura,Pozos / Drilling,2024-05-20,16,5,2024,Q2,0,0,0
1051,Perforación,Neuquén - Vaca Muerta,Rotativo 14x14,Casi accidente (near miss),0,Comunicación deficiente,Oficina / Comedor,2022-08-14,13,8,2022,Q3,0,0,0
1052,Perforación,Salta - NOA,Diurno,Casi accidente (near miss),0,Falla de equipo,Planta compresora,2022-05-02,3,5,2022,Q2,0,0,0
1053,Perforación,Mendoza - Cuyo,Rotativo 14x14,Primeros auxilios,1,Procedimiento inadecuado,Pozos / Drilling,2022-05-06,9,5,2022,Q2,0,0,0
1054,Perforación,Mendoza - Cuyo,Diurno,Casi accidente (near miss),0,Fatiga/turno extendido,Planta compresora,2024-11-24,14,11,2024,Q4,0,0,0
1054,Perforación,Mendoza - Cuyo,Diurno,Casi accidente (near miss),0,Acto inseguro,Tanques / Almacenamiento,2024-05-08,15,5,2024,Q2,0,0,0
1055,Perforación,Neuquén - Vaca Muerta,Nocturno,Casi accidente (near miss),0,Falla de equipo,Tanques / Almacenamiento,2024-08-12,9,8,2024,Q3,0,0,0
1055,Perforación,Neuquén - Vaca Muerta,Nocturno,Tratamiento médico,2,Condición insegura,Transporte en ruta,2024-12-30,11,12,2024,Q4,0,1,0
1055,Perforación,Neuquén - Vaca Muerta,Nocturno,Tiempo perdido (LTI),3,Procedimiento inadecuado,Taller mecánico,2024-06-01,16,6,2024,Q2,4,1,1
1056,Perforación,Neuquén - Vaca Muerta,Nocturno,Casi accidente (near miss),0,Fatiga/turno extendido,Taller mecánico,2023-05-24,22,5,2023,Q2,0,0,0
1056,Perforación,Neuquén - Vaca Muerta,Nocturno,Casi accidente (near miss),0,Comunicación deficiente,Tanques / Almacenamiento,2022-01-29,13,1,2022,Q1,0,0,0
1056,Perforación,Neuquén - Vaca Muerta,Nocturno,Tiempo perdido (LTI),3,Acto inseguro,Transporte en ruta,2024-04-04,12,4,2024,Q2,4,1,1
1059,Perforación,Neuquén - Vaca Muerta,Rotativo 14x14,Casi accidente (near miss),0,Condición climática,Oficina / Comedor,2022-01-29,8,1,2022,Q1,0,0,0
1059,Perforación,Neuquén - Vaca Muerta,Rotativo 14x14,Casi accidente (near miss),0,Fatiga/turno extendido,Oficina / Comedor,2024-03-09,9,3,2024,Q1,0,0,0
1059,Perforación,Neuquén - Vaca Muerta,Rotativo 14x14,Incidente ambiental,2,Fatiga/turno extendido,Pozos / Drilling,2022-09-26,10,9,2022,Q3,0,1,0
1061,Perforación,Neuquén - Vaca Muerta,Diurno,Tratamiento médico,2,Condición insegura,Pozos / Drilling,2024-06-14,13,6,2024,Q2,0,1,0
1062,Perforación,Chubut - San Jorge,Rotativo 7x7,Primeros auxilios,1,Acto inseguro,Pozos / Drilling,2024-01-21,8,1,2024,Q1,0,0,0
1063,Perforación,Chubut - San Jorge,Nocturno,Primeros auxilios,1,Condición climática,Tanques / Almacenamiento,2024-09-28,10,9,2024,Q3,0,0,0
1063,Perforación,Chubut - San Jorge,Nocturno,Primeros auxilios,1,Falta de EPP,Taller mecánico,2022-06-27,22,6,2022,Q2,0,0,0
1064,Perforación,Neuquén - Vaca Muerta,Diurno,Casi accidente (near miss),0,Falla de equipo,Planta compresora,2024-09-16,8,9,2024,Q3,0,0,0
1065,Perforación,Chubut - San Jorge,Rotativo 7x7,Casi accidente (near miss),0,Falla de equipo,Área eléctrica,2023-07-24,18,7,2023,Q3,0,0,0
1066,Perforación,Neuquén - Vaca Muerta,Nocturno,Casi accidente (near miss),0,Comunicación deficiente,Planta compresora,2023-03-24,2,3,2023,Q1,0,0,0
1066,Perforación,Neuquén - Vaca Muerta,Nocturno,Casi accidente (near miss),0,Falla de equipo,Tanques / Almacenamiento,2023-04-04,4,4,2023,Q2,0,0,0
1067,Perforación,Neuquén - Vaca Muerta,Rotativo 7x7,Incapacidad permanente parcial,4,Condición climática,Transporte en ruta,2022-04-19,18,4,2022,Q2,68,1,0
1069,Perforación,Neuquén - Vaca Muerta,Rotativo 7x7,Tratamiento médico,2,Acto inseguro,Oficina / Comedor,2023-03-16,6,3,2023,Q1,0,1,0
1071,Perforación,Neuquén - Vaca Muerta,Rotativo 14x14,Primeros auxilios,1,Condición climática,Transporte en ruta,2024-03-02,11,3,2024,Q1,0,0,0
1072,Perforación,Neuquén - Vaca Muerta,Rotativo 7x7,Primeros auxilios,1,Condición insegura,Oficina / Comedor,2023-02-02,9,2,2023,Q1,0,0,0
1072,Perforación,Neuquén - Vaca Muerta,Rotativo 7x7,Incapacidad permanente parcial,4,Falta de EPP,Área eléctrica,2023-01-17,8,1,2023,Q1,145,1,0
1072,Perforación,Neuquén - Vaca Muerta,Rotativo 7x7,Primeros auxilios,1,Falla de equipo,Planta compresora,2022-06-10,18,6,2022,Q2,0,0,0
1075,Perforación,Neuquén - Vaca Muerta,Diurno,Primeros auxilios,1,Procedimiento inadecuado,Pozos / Drilling,2024-11-20,7,11,2024,Q4,0,0,0
1076,Perforación,Mendoza - Cuyo,Diurno,Tratamiento médico,2,Acto inseguro,Transporte en ruta,2023-01-17,19,1,2023,Q1,0,1,0
1076,Perforación,Mendoza - Cuyo,Diurno,Casi accidente (near miss),0,Comunicación deficiente,Taller mecánico,2022-07-18,14,7,2022,Q3,0,0,0
1077,Perforación,Neuquén - Vaca Muerta,Nocturno,Casi accidente (near miss),0,Falta de EPP,Área eléctrica,2022-04-16,8,4,2022,Q2,0,0,0
1078,Perforación,Neuquén - Vaca Muerta,Rotativo 14x14,Incidente ambiental,2,Condición insegura,Oficina / Comedor,2022-04-19,15,4,2022,Q2,0,1,0
1078,Perforación,Neuquén - Vaca Muerta,Rotativo 14x14,Casi accidente (near miss),0,Falta de EPP,Tanques / Almacenamiento,2023-12-09,11,12,2023,Q4,0,0,0
1078,Perforación,Neuquén - Vaca Muerta,Rotativo 14x14,Casi accidente (near miss),0,Condición climática,Planta compresora,2023-01-09,21,1,2023,Q1,0,0,0
1078,Perforación,Neuquén - Vaca Muerta,Rotativo 14x14,Primeros auxilios,1,Condición climática,Taller mecánico,2022-08-07,17,8,2022,Q3,0,0,0
1081,Perforación,Neuquén - Vaca Muerta,Rotativo 7x7,Casi accidente (near miss),0,Comunicación deficiente,Área eléctrica,2023-06-25,9,6,2023,Q2,0,0,0
1082,Perforación,Neuquén - Vaca Muerta,Rotativo 7x7,Casi accidente (near miss),0,Acto inseguro,Área eléctrica,2022-06-04,18,6,2022,Q2,0,0,0
1086,Perforación,Salta - NOA,Nocturno,Tratamiento médico,2,Falla de equipo,Planta compresora,2024-02-20,20,2,2024,Q1,0,1,0
1086,Perforación,Salta - NOA,Nocturno,Casi accidente (near miss),0,Comunicación deficiente,Transporte en ruta,2022-03-17,18,3,2022,Q1,0,0,0
1087,Perforación,Chubut - San Jorge,Diurno,Casi accidente (near miss),0,Falta de EPP,Área eléctrica,2022-11-23,13,11,2022,Q4,0,0,0
1089,Perforación,Chubut - San Jorge,Rotativo 14x14,Casi accidente (near miss),0,Falla de equipo,Pozos / Drilling,2024-05-28,13,5,2024,Q2,0,0,0
1089,Perforación,Chubut - San Jorge,Rotativo 14x14,Primeros auxilios,1,Procedimiento inadecuado,Área eléctrica,2024-10-27,19,10,2024,Q4,0,0,0
1090,Perforación,Neuquén - Vaca Muerta,Rotativo 7x7,Casi accidente (near miss),0,Comunicación deficiente,Tanques / Almacenamiento,2022-02-19,14,2,2022,Q1,0,0,0
1091,Perforación,Mendoza - Cuyo,Rotativo 14x14,Casi accidente (near miss),0,Falta de EPP,Pozos / Drilling,2022-07-13,15,7,2022,Q3,0,0,0
1092,Perforación,Chubut - San Jorge,Rotativo 14x14,Casi accidente (near miss),0,Procedimiento inadecuado,Área eléctrica,2024-07-20,12,7,2024,Q3,0,0,0
1093,Perforación,Chubut - San Jorge,Nocturno,Incidente ambiental,2,Procedimiento inadecuado,Transporte en ruta,2023-10-06,9,10,2023,Q4,0,1,0
1095,Perforación,Salta - NOA,Rotativo 7x7,Casi accidente (near miss),0,Falla de equipo,Área eléctrica,2022-02-08,15,2,2022,Q1,0,0,0
1095,Perforación,Salta - NOA,Rotativo 7x7,Primeros auxilios,1,Condición insegura,Pozos / Drilling,2024-09-20,7,9,2024,Q3,0,0,0
1095,Perforación,Salta - NOA,Rotativo 7x7,Primeros auxilios,1,Falta de EPP,Transporte en ruta,2024-08-27,17,8,2024,Q3,0,0,0
1096,Perforación,Mendoza - Cuyo,Rotativo 14x14,Casi accidente (near miss),0,Falta de EPP,Área eléctrica,2023-06-25,11,6,2023,Q2,0,0,0
1098,Perforación,Salta - NOA,Diurno,Primeros auxilios,1,Fatiga/turno extendido,Planta compresora,2023-06-17,16,6,2023,Q2,0,0,0
1099,Perforación,Chubut - San Jorge,Diurno,Casi accidente (near miss),0,Procedimiento inadecuado,Planta compresora,2022-12-22,8,12,2022,Q4,0,0,0
1099,Perforación,Chubut - San Jorge,Diurno,Primeros auxilios,1,Condición climática,Planta compresora,2022-06-06,5,6,2022,Q2,0,0,0
1102,Perforación,Salta - NOA,Diurno,Casi accidente (near miss),0,Comunicación deficiente,Taller mecánico,2023-10-03,10,10,2023,Q4,0,0,0
1102,Perforación,Salta - NOA,Diurno,Casi accidente (near miss),0,Comunicación deficiente,Taller mecánico,2022-04-26,14,4,2022,Q2,0,0,0
1103,Perforación,Chubut - San Jorge,Rotativo 14x14,Casi accidente (near miss),0,Condición climática,Pozos / Drilling,2022-01-17,19,1,2022,Q1,0,0,0
1104,Perforación,Chubut - San Jorge,Diurno,Casi accidente (near miss),0,Condición insegura,Planta compresora,2022-02-12,10,2,2022,Q1,0,0,0
1106,Perforación,Chubut - San Jorge,Rotativo 7x7,Casi accidente (near miss),0,Falla de equipo,Transporte en ruta,2022-07-09,9,7,2022,Q3,0,0,0
1107,Perforación,Chubut - San Jorge,Diurno,Primeros auxilios,1,Comunicación deficiente,Área eléctrica,2022-06-05,9,6,2022,Q2,0,0,0
1108,Perforación,Salta - NOA,Rotativo 7x7,Primeros auxilios,1,Falta de EPP,Transporte en ruta,2024-04-25,21,4,2024,Q2,0,0,0
1110,Perforación,Neuquén - Vaca Muerta,Nocturno,Tiempo perdido (LTI),3,Procedimiento inadecuado,Pozos / Drilling,2024-04-12,12,4,2024,Q2,6,1,1
1111,Perforación,Neuquén - Vaca Muerta,Rotativo 14x14,Primeros auxilios,1,Procedimiento inadecuado,Planta compresora,2023-01-31,13,1,2023,Q1,0,0,0
1111,Perforación,Neuquén - Vaca Muerta,Rotativo 14x14,Casi accidente (near miss),0,Procedimiento inadecuado,Planta compresora,2024-02-27,19,2,2024,Q1,0,0,0
1111,Perforación,Neuquén - Vaca Muerta,Rotativo 14x14,Incapacidad permanente parcial,4,Fatiga/turno extendido,Área eléctrica,2023-07-15,15,7,2023,Q3,100,1,0
1112,Perforación,Mendoza - Cuyo,Rotativo 14x14,Primeros auxilios,1,Falta de EPP,Pozos / Drilling,2024-07-18,10,7,2024,Q3,0,0,0
1113,Perforación,Salta - NOA,Diurno,Casi accidente (near miss),0,Condición climática,Tanques / Almacenamiento,2024-02-23,13,2,2024,Q1,0,0,0
1113,Perforación,Salta - NOA,Diurno,Casi accidente (near miss),0,Procedimiento inadecuado,Planta compresora,2023-07-15,18,7,2023,Q3,0,0,0
1113,Perforación,Salta - NOA,Diurno,Casi accidente (near miss),0,Acto inseguro,Taller mecánico,2023-11-23,13,11,2023,Q4,0,0,0
1114,Perforación,Mendoza - Cuyo,Nocturno,Tratamiento médico,2,Falta de EPP,Planta compresora,2023-08-04,8,8,2023,Q3,0,1,0
1114,Perforación,Mendoza - Cuyo,Nocturno,Casi accidente (near miss),0,Comunicación deficiente,Pozos / Drilling,2024-05-21,10,5,2024,Q2,0,0,0
1114,Perforación,Mendoza - Cuyo,Nocturno,Primeros auxilios,1,Comunicación deficiente,Área eléctrica,2024-01-08,9,1,2024,Q1,0,0,0
1115,Perforación,Mendoza - Cuyo,Rotativo 14x14,Tiempo perdido (LTI),3,Condición insegura,Planta compresora,2023-11-13,3,11,2023,Q4,13,1,1
1116,Perforación,Neuquén - Vaca Muerta,Rotativo 14x14,Primeros auxilios,1,Falla de equipo,Tanques / Almacenamiento,2023-12-24,15,12,2023,Q4,0,0,0
1117,Perforación,Mendoza - Cuyo,Rotativo 14x14,Fatalidad,5,Procedimiento inadecuado,Transporte en ruta,2022-03-15,11,3,2022,Q1,0,1,0
1118,Perforación,Neuquén - Vaca Muerta,Rotativo 14x14,Casi accidente (near miss),0,Fatiga/turno extendido,Oficina / Comedor,2022-02-03,7,2,2022,Q1,0,0,0
1118,Perforación,Neuquén - Vaca Muerta,Rotativo 14x14,Casi accidente (near miss),0,Falta de EPP,Tanques / Almacenamiento,2024-03-17,3,3,2024,Q1,0,0,0
1118,Perforación,Neuquén - Vaca Muerta,Rotativo 14x14,Tratamiento médico,2,Condición insegura,Área eléctrica,2022-10-07,16,10,2022,Q4,0,1,0
1119,Perforación,Neuquén - Vaca Muerta,Nocturno,Tratamiento médico,2,Falla de equipo,Planta compresora,2022-01-26,8,1,2022,Q1,0,1,0
1119,Perforación,Neuquén - Vaca Muerta,Nocturno,Casi accidente (near miss),0,Condición climática,Planta compresora,2024-06-17,10,6,2024,Q2,0,0,0
1119,Perforación,Neuquén - Vaca Muerta,Nocturno,Fatalidad,5,Condición insegura,Tanques / Almacenamiento,2023-04-22,13,4,2023,Q2,0,1,0
1120,Perforación,Mendoza - Cuyo,Nocturno,Primeros auxilios,1,Procedimiento inadecuado,Planta compresora,2022-12-22,8,12,2022,Q4,0,0,0
1121,Perforación,Mendoza - Cuyo,Rotativo 14x14,Primeros auxilios,1,Fatiga/turno extendido,Planta compresora,2023-12-05,11,12,2023,Q4,0,0,0
1121,Perforación,Mendoza - Cuyo,Rotativo 14x14,Casi accidente (near miss),0,Fatiga/turno extendido,Pozos / Drilling,2022-05-17,7,5,2022,Q2,0,0,0
1122,Perforación,Mendoza - Cuyo,Diurno,Casi accidente (near miss),0,Condición insegura,Transporte en ruta,2023-06-13,15,6,2023,Q2,0,0,0
1123,Perforación,Salta - NOA,Nocturno,Casi accidente (near miss),0,Fatiga/turno extendido,Tanques / Almacenamiento,2024-08-21,22,8,2024,Q3,0,0,0
1123,Perforación,Salta - NOA,Nocturno,Casi accidente (near miss),0,Procedimiento inadecuado,Taller mecánico,2023-06-01,18,6,2023,Q2,0,0,0
1125,Perforación,Neuquén - Vaca Muerta,Rotativo 14x14,Tratamiento médico,2,Condición climática,Planta compresora,2022-12-26,12,12,2022,Q4,0,1,0
1128,Perforación,Neuquén - Vaca Muerta,Rotativo 14x14,Casi accidente (near miss),0,Fatiga/turno extendido,Área eléctrica,2024-12-29,18,12,2024,Q4,0,0,0
1129,Perforación,Neuquén - Vaca Muerta,Nocturno,Casi accidente (near miss),0,Acto inseguro,Oficina / Comedor,2022-09-14,18,9,2022,Q3,0,0,0
1133,Perforación,Salta - NOA,Rotativo 7x7,Tiempo perdido (LTI),3,Condición climática,Taller mecánico,2023-04-29,16,4,2023,Q2,21,1,1
1133,Perforación,Salta - NOA,Rotativo 7x7,Casi accidente (near miss),0,Condición insegura,Oficina / Comedor,2022-08-14,12,8,2022,Q3,0,0,0
1134,Perforación,Neuquén - Vaca Muerta,Rotativo 7x7,Primeros auxilios,1,Condición insegura,Oficina / Comedor,2022-07-30,19,7,2022,Q3,0,0,0
1134,Perforación,Neuquén - Vaca Muerta,Rotativo 7x7,Primeros auxilios,1,Acto inseguro,Pozos / Drilling,2022-04-24,17,4,2022,Q2,0,0,0
1136,Perforación,Chubut - San Jorge,Nocturno,Primeros auxilios,1,Comunicación deficiente,Taller mecánico,2023-04-27,9,4,2023,Q2,0,0,0
1136,Perforación,Chubut - San Jorge,Nocturno,Casi accidente (near miss),0,Procedimiento inadecuado,Oficina / Comedor,2022-08-05,13,8,2022,Q3,0,0,0
1136,Perforación,Chubut - San Jorge,Nocturno,Primeros auxilios,1,Acto inseguro,Tanques / Almacenamiento,2023-03-02,11,3,2023,Q1,0,0,0
1136,Perforación,Chubut - San Jorge,Nocturno,Primeros auxilios,1,Condición climática,Taller mecánico,2024-12-17,11,12,2024,Q4,0,0,0
1137,Perforación,Chubut - San Jorge,Diurno,Casi accidente (near miss),0,Falta de EPP,Oficina / Comedor,2024-06-20,14,6,2024,Q2,0,0,0
1138,Perforación,Chubut - San Jorge,Rotativo 7x7,Casi accidente (near miss),0,Comunicación deficiente,Área eléctrica,2023-05-21,3,5,2023,Q2,0,0,0
1138,Perforación,Chubut - San Jorge,Rotativo 7x7,Tiempo perdido (LTI),3,Condición insegura,Oficina / Comedor,2024-01-22,9,1,2024,Q1,1,1,1
1139,Perforación,Neuquén - Vaca Muerta,Rotativo 7x7,Casi accidente (near miss),0,Condición climática,Transporte en ruta,2022-10-28,22,10,2022,Q4,0,0,0
1140,Perforación,Neuquén - Vaca Muerta,Rotativo 14x14,Casi accidente (near miss),0,Condición insegura,Oficina / Comedor,2023-10-02,19,10,2023,Q4,0,0,0
1140,Perforación,Neuquén - Vaca Muerta,Rotativo 14x14,Casi accidente (near miss),0,Condición climática,Taller mecánico,2023-09-04,8,9,2023,Q3,0,0,0
1140,Perforación,Neuquén - Vaca Muerta,Rotativo 14x14,Casi accidente (near miss),0,Acto inseguro,Taller mecánico,2022-09-10,11,9,2022,Q3,0,0,0
1141,Perforación,Neuquén - Vaca Muerta,Rotativo 14x14,Tiempo perdido (LTI),3,Condición climática,Transporte en ruta,2022-05-01,3,5,2022,Q2,7,1,1
1142,Perforación,Salta - NOA,Rotativo 14x14,Primeros auxilios,1,Fatiga/turno extendido,Pozos / Drilling,2022-07-16,11,7,2022,Q3,0,0,0
1142,Perforación,Salta - NOA,Rotativo 14x14,Incapacidad permanente parcial,4,Comunicación deficiente,Oficina / Comedor,2022-09-23,12,9,2022,Q3,92,1,0
1142,Perforación,Salta - NOA,Rotativo 14x14,Tiempo perdido (LTI),3,Procedimiento inadecuado,Planta compresora,2022-11-16,7,11,2022,Q4,9,1,1
1143,Perforación,Chubut - San Jorge,Rotativo 14x14,Primeros auxilios,1,Comunicación deficiente,Transporte en ruta,2024-05-09,22,5,2024,Q2,0,0,0
1143,Perforación,Chubut - San Jorge,Rotativo 14x14,Casi accidente (near miss),0,Condición insegura,Transporte en ruta,2024-07-22,10,7,2024,Q3,0,0,0
1143,Perforación,Chubut - San Jorge,Rotativo 14x14,Casi accidente (near miss),0,Condición insegura,Pozos / Drilling,2023-03-17,16,3,2023,Q1,0,0,0
1144,Perforación,Chubut - San Jorge,Diurno,Casi accidente (near miss),0,Falla de equipo,Pozos / Drilling,2022-12-16,16,12,2022,Q4,0,0,0
1145,Perforación,Neuquén - Vaca Muerta,Rotativo 14x14,Primeros auxilios,1,Condición climática,Taller mecánico,2023-03-29,10,3,2023,Q1,0,0,0
1145,Perforación,Neuquén - Vaca Muerta,Rotativo 14x14,Casi accidente (near miss),0,Condición insegura,Pozos / Drilling,2024-08-17,18,8,2024,Q3,0,0,0
1146,Perforación,Neuquén - Vaca Muerta,Rotativo 7x7,Tratamiento médico,2,Falla de equipo,Área eléctrica,2022-04-01,13,4,2022,Q2,0,1,0
1147,Perforación,Neuquén - Vaca Muerta,Rotativo 7x7,Tratamiento médico,2,Condición insegura,Taller mecánico,2024-06-03,12,6,2024,Q2,0,1,0
1148,Perforación,Neuquén - Vaca Muerta,Diurno,Casi accidente (near miss),0,Condición climática,Transporte en ruta,2024-06-13,16,6,2024,Q2,0,0,0
1148,Perforación,Neuquén - Vaca Muerta,Diurno,Casi accidente (near miss),0,Acto inseguro,Tanques / Almacenamiento,2024-09-16,6,9,2024,Q3,0,0,0
1148,Perforación,Neuquén - Vaca Muerta,Diurno,Primeros auxilios,1,Comunicación deficiente,Planta compresora,2024-01-08,10,1,2024,Q1,0,0,0
1149,Perforación,Salta - NOA,Rotativo 7x7,Casi accidente (near miss),0,Condición insegura,Oficina / Comedor,2024-08-24,8,8,2024,Q3,0,0,0
1151,Perforación,Neuquén - Vaca Muerta,Diurno,Incapacidad permanente parcial,4,Comunicación deficiente,Área eléctrica,2022-02-09,9,2,2022,Q1,102,1,0
1152,Perforación,Chubut - San Jorge,Rotativo 7x7,Tratamiento médico,2,Procedimiento inadecuado,Planta compresora,2022-09-23,14,9,2022,Q3,0,1,0
1153,Perforación,Chubut - San Jorge,Rotativo 14x14,Casi accidente (near miss),0,Comunicación deficiente,Pozos / Drilling,2022-01-08,15,1,2022,Q1,0,0,0
1153,Perforación,Chubut - San Jorge,Rotativo 14x14,Casi accidente (near miss),0,Procedimiento inadecuado,Taller mecánico,2023-11-29,16,11,2023,Q4,0,0,0
1153,Perforación,Chubut - San Jorge,Rotativo 14x14,Primeros auxilios,1,Condición climática,Taller mecánico,2024-11-28,10,11,2024,Q4,0,0,0
1153,Perforación,Chubut - San Jorge,Rotativo 14x14,Casi accidente (near miss),0,Falta de EPP,Transporte en ruta,2022-07-02,1,7,2022,Q3,0,0,0
1154,Perforación,Neuquén - Vaca Muerta,Rotativo 7x7,Tratamiento médico,2,Acto inseguro,Planta compresora,2022-07-14,1,7,2022,Q3,0,1,0
1154,Perforación,Neuquén - Vaca Muerta,Rotativo 7x7,Primeros auxilios,1,Procedimiento inadecuado,Área eléctrica,2023-07-09,19,7,2023,Q3,0,0,0
1155,Perforación,Neuquén - Vaca Muerta,Diurno,Primeros auxilios,1,Falta de EPP,Transporte en ruta,2023-01-18,18,1,2023,Q1,0,0,0
1157,Perforación,Neuquén - Vaca Muerta,Rotativo 7x7,Casi accidente (near miss),0,Comunicación deficiente,Tanques / Almacenamiento,2023-12-18,9,12,2023,Q4,0,0,0
1157,Perforación,Neuquén - Vaca Muerta,Rotativo 7x7,Casi accidente (near miss),0,Condición insegura,Pozos / Drilling,2023-10-06,16,10,2023,Q4,0,0,0
1158,Perforación,Neuquén - Vaca Muerta,Rotativo 14x14,Casi accidente (near miss),0,Fatiga/turno extendido,Planta compresora,2022-06-19,12,6,2022,Q2,0,0,0
1159,Perforación,Neuquén - Vaca Muerta,Rotativo 14x14,Primeros auxilios,1,Condición insegura,Transporte en ruta,2023-07-31,13,7,2023,Q3,0,0,0
1162,Perforación,Mendoza - Cuyo,Rotativo 14x14,Casi accidente (near miss),0,Acto inseguro,Taller mecánico,2022-12-05,14,12,2022,Q4,0,0,0
1162,Perforación,Mendoza - Cuyo,Rotativo 14x14,Casi accidente (near miss),0,Fatiga/turno extendido,Transporte en ruta,2023-06-13,12,6,2023,Q2,0,0,0
1163,Perforación,Neuquén - Vaca Muerta,Rotativo 14x14,Tratamiento médico,2,Condición climática,Tanques / Almacenamiento,2022-01-11,10,1,2022,Q1,0,1,0
1164,Perforación,Neuquén - Vaca Muerta,Rotativo 14x14,Casi accidente (near miss),0,Falta de EPP,Taller mecánico,2023-10-09,7,10,2023,Q4,0,0,0
1164,Perforación,Neuquén - Vaca Muerta,Rotativo 14x14,Casi accidente (near miss),0,Condición insegura,Taller mecánico,2023-10-28,10,10,2023,Q4,0,0,0
1165,Perforación,Neuquén - Vaca Muerta,Rotativo 14x14,Tratamiento médico,2,Procedimiento inadecuado,Planta compresora,2024-11-05,12,11,2024,Q4,0,1,0
1165,Perforación,Neuquén - Vaca Muerta,Rotativo 14x14,Casi accidente (near miss),0,Acto inseguro,Tanques / Almacenamiento,2024-09-04,9,9,2024,Q3,0,0,0
1165,Perforación,Neuquén - Vaca Muerta,Rotativo 14x14,Primeros auxilios,1,Fatiga/turno extendido,Oficina / Comedor,2024-07-15,11,7,2024,Q3,0,0,0
1166,Perforación,Neuquén - Vaca Muerta,Rotativo 14x14,Primeros auxilios,1,Procedimiento inadecuado,Área eléctrica,2024-10-25,16,10,2024,Q4,0,0,0
1166,Perforación,Neuquén - Vaca Muerta,Rotativo 14x14,Casi accidente (near miss),0,Condición insegura,Planta compresora,2022-12-06,6,12,2022,Q4,0,0,0
1167,Perforación,Neuquén - Vaca Muerta,Rotativo 14x14,Casi accidente (near miss),0,Procedimiento inadecuado,Transporte en ruta,2022-03-16,11,3,2022,Q1,0,0,0
1168,Perforación,Chubut - San Jorge,Rotativo 14x14,Primeros auxilios,1,Falla de equipo,Planta compresora,2023-07-04,16,7,2023,Q3,0,0,0
1168,Perforación,Chubut - San Jorge,Rotativo 14x14,Incapacidad permanente parcial,4,Procedimiento inadecuado,Área eléctrica,2023-12-06,9,12,2023,Q4,102,1,0
1169,Perforación,Neuquén - Vaca Muerta,Nocturno,Tiempo perdido (LTI),3,Comunicación deficiente,Transporte en ruta,2023-09-29,13,9,2023,Q3,13,1,1
1170,Perforación,Mendoza - Cuyo,Rotativo 14x14,Tratamiento médico,2,Falta de EPP,Tanques / Almacenamiento,2022-07-04,1,7,2022,Q3,0,1,0
1171,Perforación,Neuquén - Vaca Muerta,Rotativo 14x14,Incapacidad permanente parcial,4,Procedimiento inadecuado,Taller mecánico,2023-01-23,16,1,2023,Q1,131,1,0
1171,Perforación,Neuquén - Vaca Muerta,Rotativo 14x14,Casi accidente (near miss),0,Comunicación deficiente,Transporte en ruta,2023-02-20,16,2,2023,Q1,0,0,0
1172,Perforación,Chubut - San Jorge,Diurno,Casi accidente (near miss),0,Condición climática,Oficina / Comedor,2023-11-08,21,11,2023,Q4,0,0,0
1173,Perforación,Mendoza - Cuyo,Rotativo 7x7,Tratamiento médico,2,Condición climática,Planta compresora,2022-07-15,12,7,2022,Q3,0,1,0
1173,Perforación,Mendoza - Cuyo,Rotativo 7x7,Primeros auxilios,1,Fatiga/turno extendido,Taller mecánico,2024-05-26,12,5,2024,Q2,0,0,0
1174,Perforación,Mendoza - Cuyo,Rotativo 14x14,Casi accidente (near miss),0,Procedimiento inadecuado,Planta compresora,2023-08-29,14,8,2023,Q3,0,0,0
1174,Perforación,Mendoza - Cuyo,Rotativo 14x14,Primeros auxilios,1,Falta de EPP,Oficina / Comedor,2023-05-19,14,5,2023,Q2,0,0,0
1174,Perforación,Mendoza - Cuyo,Rotativo 14x14,Primeros auxilios,1,Fatiga/turno extendido,Oficina / Comedor,2022-09-21,11,9,2022,Q3,0,0,0
1176,Perforación,Salta - NOA,Rotativo 14x14,Casi accidente (near miss),0,Condición climática,Área eléctrica,2024-11-19,13,11,2024,Q4,0,0,0
1177,Perforación,Neuquén - Vaca Muerta,Diurno,Primeros auxilios,1,Falla de equipo,Planta compresora,2024-06-03,18,6,2024,Q2,0,0,0
1177,Perforación,Neuquén - Vaca Muerta,Diurno,Casi accidente (near miss),0,Falta de EPP,Oficina / Comedor,2024-12-02,12,12,2024,Q4,0,0,0
1177,Perforación,Neuquén - Vaca Muerta,Diurno,Casi accidente (near miss),0,Condición climática,Área eléctrica,2023-04-10,9,4,2023,Q2,0,0,0
1178,Perforación,Neuquén - Vaca Muerta,Rotativo 14x14,Primeros auxilios,1,Condición insegura,Pozos / Drilling,2024-07-17,13,7,2024,Q3,0,0,0
1179,Perforación,Chubut - San Jorge,Nocturno,Casi accidente (near miss),0,Falta de EPP,Tanques / Almacenamiento,2024-01-31,20,1,2024,Q1,0,0,0
1183,Producción,Chubut - San Jorge,Rotativo 14x14,Tiempo perdido (LTI),3,Acto inseguro,Área eléctrica,2022-04-25,0,4,2022,Q2,4,1,1
1184,Producción,Neuquén - Vaca Muerta,Rotativo 14x14,Casi accidente (near miss),0,Acto inseguro,Área eléctrica,2024-12-27,16,12,2024,Q4,0,0,0
1184,Producción,Neuquén - Vaca Muerta,Rotativo 14x14,Casi accidente (near miss),0,Falla de equipo,Área eléctrica,2022-08-31,7,8,2022,Q3,0,0,0
1185,Producción,Mendoza - Cuyo,Diurno,Primeros auxilios,1,Falta de EPP,Planta compresora,2022-10-22,18,10,2022,Q4,0,0,0
1187,Producción,Salta - NOA,Rotativo 14x14,Primeros auxilios,1,Falta de EPP,Pozos / Drilling,2023-04-23,18,4,2023,Q2,0,0,0
1188,Producción,Chubut - San Jorge,Nocturno,Primeros auxilios,1,Fatiga/turno extendido,Tanques / Almacenamiento,2023-10-28,11,10,2023,Q4,0,0,0
1188,Producción,Chubut - San Jorge,Nocturno,Tratamiento médico,2,Falta de EPP,Oficina / Comedor,2022-11-15,5,11,2022,Q4,0,1,0
1188,Producción,Chubut - San Jorge,Nocturno,Casi accidente (near miss),0,Condición insegura,Tanques / Almacenamiento,2022-09-13,11,9,2022,Q3,0,0,0
1189,Producción,Chubut - San Jorge,Rotativo 14x14,Casi accidente (near miss),0,Condición climática,Pozos / Drilling,2023-06-01,19,6,2023,Q2,0,0,0
1191,Producción,Chubut - San Jorge,Rotativo 7x7,Casi accidente (near miss),0,Condición climática,Planta compresora,2022-08-23,14,8,2022,Q3,0,0,0
1192,Producción,Chubut - San Jorge,Nocturno,Tratamiento médico,2,Falla de equipo,Área eléctrica,2022-10-08,7,10,2022,Q4,0,1,0
1193,Producción,Neuquén - Vaca Muerta,Rotativo 14x14,Primeros auxilios,1,Acto inseguro,Área eléctrica,2022-10-25,7,10,2022,Q4,0,0,0
1193,Producción,Neuquén - Vaca Muerta,Rotativo 14x14,Primeros auxilios,1,Procedimiento inadecuado,Área eléctrica,2022-04-16,11,4,2022,Q2,0,0,0
1194,Producción,Neuquén - Vaca Muerta,Rotativo 7x7,Casi accidente (near miss),0,Falta de EPP,Transporte en ruta,2024-06-19,15,6,2024,Q2,0,0,0
1195,Producción,Oficina Central BA,Diurno,Incidente ambiental,2,Fatiga/turno extendido,Taller mecánico,2024-11-03,10,11,2024,Q4,0,1,0
1195,Producción,Oficina Central BA,Diurno,Casi accidente (near miss),0,Fatiga/turno extendido,Tanques / Almacenamiento,2022-02-03,2,2,2022,Q1,0,0,0
1196,Producción,Salta - NOA,Rotativo 14x14,Casi accidente (near miss),0,Procedimiento inadecuado,Tanques / Almacenamiento,2024-01-22,12,1,2024,Q1,0,0,0
1198,Producción,Salta - NOA,Diurno,Primeros auxilios,1,Condición insegura,Oficina / Comedor,2023-11-09,11,11,2023,Q4,0,0,0
1198,Producción,Salta - NOA,Diurno,Primeros auxilios,1,Condición insegura,Área eléctrica,2024-01-15,14,1,2024,Q1,0,0,0
1198,Producción,Salta - NOA,Diurno,Tratamiento médico,2,Falta de EPP,Área eléctrica,2023-07-16,17,7,2023,Q3,0,1,0
1199,Producción,Mendoza - Cuyo,Rotativo 7x7,Tiempo perdido (LTI),3,Procedimiento inadecuado,Pozos / Drilling,2023-08-27,22,8,2023,Q3,10,1,1
1199,Producción,Mendoza - Cuyo,Rotativo 7x7,Casi accidente (near miss),0,Falla de equipo,Oficina / Comedor,2023-07-21,18,7,2023,Q3,0,0,0
1201,Producción,Salta - NOA,Diurno,Casi accidente (near miss),0,Falla de equipo,Área eléctrica,2022-09-15,10,9,2022,Q3,0,0,0
1204,Producción,Neuquén - Vaca Muerta,Rotativo 14x14,Casi accidente (near miss),0,Falla de equipo,Taller mecánico,2022-08-14,12,8,2022,Q3,0,0,0
1206,Producción,Neuquén - Vaca Muerta,Rotativo 14x14,Primeros auxilios,1,Falta de EPP,Tanques / Almacenamiento,2023-07-05,8,7,2023,Q3,0,0,0
1206,Producción,Neuquén - Vaca Muerta,Rotativo 14x14,Primeros auxilios,1,Condición insegura,Tanques / Almacenamiento,2024-09-30,21,9,2024,Q3,0,0,0
1210,Producción,Neuquén - Vaca Muerta,Rotativo 7x7,Casi accidente (near miss),0,Falta de EPP,Taller mecánico,2023-11-11,16,11,2023,Q4,0,0,0
1211,Producción,Salta - NOA,Rotativo 14x14,Casi accidente (near miss),0,Procedimiento inadecuado,Transporte en ruta,2024-05-14,13,5,2024,Q2,0,0,0
1214,Producción,Neuquén - Vaca Muerta,Rotativo 14x14,Primeros auxilios,1,Condición insegura,Oficina / Comedor,2024-07-01,13,7,2024,Q3,0,0,0
1214,Producción,Neuquén - Vaca Muerta,Rotativo 14x14,Tiempo perdido (LTI),3,Falla de equipo,Planta compresora,2024-05-14,19,5,2024,Q2,1,1,1
1214,Producción,Neuquén - Vaca Muerta,Rotativo 14x14,Tiempo perdido (LTI),3,Comunicación deficiente,Área eléctrica,2022-05-02,17,5,2022,Q2,1,1,1
1215,Producción,Neuquén - Vaca Muerta,Rotativo 14x14,Primeros auxilios,1,Fatiga/turno extendido,Planta compresora,2024-01-17,14,1,2024,Q1,0,0,0
1216,Producción,Mendoza - Cuyo,Diurno,Casi accidente (near miss),0,Acto inseguro,Área eléctrica,2024-10-06,8,10,2024,Q4,0,0,0
1216,Producción,Mendoza - Cuyo,Diurno,Tratamiento médico,2,Condición insegura,Planta compresora,2022-08-24,13,8,2022,Q3,0,1,0
1217,Producción,Neuquén - Vaca Muerta,Rotativo 14x14,Tratamiento médico,2,Comunicación deficiente,Tanques / Almacenamiento,2023-08-25,11,8,2023,Q3,0,1,0
1217,Producción,Neuquén - Vaca Muerta,Rotativo 14x14,Tiempo perdido (LTI),3,Falta de EPP,Pozos / Drilling,2023-04-02,10,4,2023,Q2,3,1,1
1217,Producción,Neuquén - Vaca Muerta,Rotativo 14x14,Casi accidente (near miss),0,Comunicación deficiente,Área eléctrica,2023-06-30,12,6,2023,Q2,0,0,0
1217,Producción,Neuquén - Vaca Muerta,Rotativo 14x14,Casi accidente (near miss),0,Procedimiento inadecuado,Transporte en ruta,2023-11-03,19,11,2023,Q4,0,0,0
1218,Producción,Neuquén - Vaca Muerta,Diurno,Fatalidad,5,Fatiga/turno extendido,Oficina / Comedor,2024-02-12,10,2,2024,Q1,0,1,0
1222,Producción,Chubut - San Jorge,Diurno,Tratamiento médico,2,Procedimiento inadecuado,Pozos / Drilling,2024-06-25,17,6,2024,Q2,0,1,0
1223,Producción,Chubut - San Jorge,Rotativo 14x14,Casi accidente (near miss),0,Comunicación deficiente,Taller mecánico,2024-01-17,15,1,2024,Q1,0,0,0
1223,Producción,Chubut - San Jorge,Rotativo 14x14,Casi accidente (near miss),0,Acto inseguro,Área eléctrica,2023-10-03,1,10,2023,Q4,0,0,0
1223,Producción,Chubut - San Jorge,Rotativo 14x14,Casi accidente (near miss),0,Comunicación deficiente,Taller mecánico,2023-07-26,17,7,2023,Q3,0,0,0
1224,Producción,Neuquén - Vaca Muerta,Rotativo 14x14,Casi accidente (near miss),0,Falta de EPP,Transporte en ruta,2022-05-14,17,5,2022,Q2,0,0,0
1224,Producción,Neuquén - Vaca Muerta,Rotativo 14x14,Tiempo perdido (LTI),3,Comunicación deficiente,Transporte en ruta,2022-11-05,19,11,2022,Q4,11,1,1
1224,Producción,Neuquén - Vaca Muerta,Rotativo 14x14,Casi accidente (near miss),0,Falta de EPP,Transporte en ruta,2023-10-15,6,10,2023,Q4,0,0,0
1226,Producción,Salta - NOA,Nocturno,Tiempo perdido (LTI),3,Fatiga/turno extendido,Área eléctrica,2022-03-19,10,3,2022,Q1,1,1,1
1227,Producción,Salta - NOA,Rotativo 14x14,Casi accidente (near miss),0,Condición climática,Pozos / Drilling,2024-09-09,1,9,2024,Q3,0,0,0
1228,Producción,Salta - NOA,Rotativo 14x14,Tiempo perdido (LTI),3,Comunicación deficiente,Oficina / Comedor,2022-05-10,15,5,2022,Q2,3,1,1
1229,Producción,Neuquén - Vaca Muerta,Diurno,Incidente ambiental,2,Condición climática,Tanques / Almacenamiento,2023-03-07,19,3,2023,Q1,0,1,0
1230,Producción,Chubut - San Jorge,Rotativo 14x14,Primeros auxilios,1,Procedimiento inadecuado,Oficina / Comedor,2022-03-18,9,3,2022,Q1,0,0,0
1231,Producción,Neuquén - Vaca Muerta,Rotativo 14x14,Incapacidad permanente parcial,4,Falta de EPP,Transporte en ruta,2024-06-06,7,6,2024,Q2,137,1,0
1232,Producción,Neuquén - Vaca Muerta,Rotativo 14x14,Tratamiento médico,2,Falta de EPP,Área eléctrica,2022-10-27,9,10,2022,Q4,0,1,0
1232,Producción,Neuquén - Vaca Muerta,Rotativo 14x14,Tiempo perdido (LTI),3,Condición climática,Planta compresora,2024-11-27,10,11,2024,Q4,12,1,1
1233,Producción,Chubut - San Jorge,Rotativo 7x7,Primeros auxilios,1,Falta de EPP,Área eléctrica,2023-10-02,14,10,2023,Q4,0,0,0
1234,Producción,Chubut - San Jorge,Rotativo 14x14,Casi accidente (near miss),0,Condición insegura,Pozos / Drilling,2023-10-04,9,10,2023,Q4,0,0,0
1236,Producción,Chubut - San Jorge,Rotativo 14x14,Casi accidente (near miss),0,Procedimiento inadecuado,Tanques / Almacenamiento,2024-06-17,14,6,2024,Q2,0,0,0
1238,Producción,Neuquén - Vaca Muerta,Nocturno,Casi accidente (near miss),0,Falla de equipo,Área eléctrica,2024-08-29,16,8,2024,Q3,0,0,0
1239,Producción,Neuquén - Vaca Muerta,Rotativo 7x7,Primeros auxilios,1,Condición climática,Tanques / Almacenamiento,2024-09-09,12,9,2024,Q3,0,0,0
1239,Producción,Neuquén - Vaca Muerta,Rotativo 7x7,Incidente ambiental,2,Comunicación deficiente,Planta compresora,2022-09-16,7,9,2022,Q3,0,1,0
1242,Producción,Chubut - San Jorge,Rotativo 7x7,Casi accidente (near miss),0,Condición insegura,Taller mecánico,2023-02-08,8,2,2023,Q1,0,0,0
1243,Producción,Mendoza - Cuyo,Rotativo 14x14,Incidente ambiental,2,Condición insegura,Pozos / Drilling,2023-05-01,21,5,2023,Q2,0,1,0
1244,Producción,Neuquén - Vaca Muerta,Rotativo 14x14,Fatalidad,5,Procedimiento inadecuado,Taller mecánico,2023-11-18,17,11,2023,Q4,0,1,0
1244,Producción,Neuquén - Vaca Muerta,Rotativo 14x14,Tratamiento médico,2,Condición insegura,Transporte en ruta,2023-07-29,9,7,2023,Q3,0,1,0
1244,Producción,Neuquén - Vaca Muerta,Rotativo 14x14,Primeros auxilios,1,Fatiga/turno extendido,Área eléctrica,2023-11-11,6,11,2023,Q4,0,0,0
1245,Producción,Mendoza - Cuyo,Rotativo 14x14,Casi accidente (near miss),0,Procedimiento inadecuado,Transporte en ruta,2022-09-02,9,9,2022,Q3,0,0,0
1247,Producción,Neuquén - Vaca Muerta,Rotativo 14x14,Casi accidente (near miss),0,Condición climática,Taller mecánico,2024-05-28,15,5,2024,Q2,0,0,0
1249,Producción,Neuquén - Vaca Muerta,Nocturno,Tiempo perdido (LTI),3,Condición climática,Transporte en ruta,2022-04-19,15,4,2022,Q2,12,1,1
1250,Producción,Mendoza - Cuyo,Rotativo 14x14,Casi accidente (near miss),0,Condición insegura,Oficina / Comedor,2022-11-21,9,11,2022,Q4,0,0,0
1250,Producción,Mendoza - Cuyo,Rotativo 14x14,Fatalidad,5,Condición insegura,Oficina / Comedor,2022-03-19,12,3,2022,Q1,0,1,0
1255,Producción,Salta - NOA,Diurno,Tiempo perdido (LTI),3,Falta de EPP,Transporte en ruta,2024-01-14,19,1,2024,Q1,4,1,1
1255,Producción,Salta - NOA,Diurno,Tiempo perdido (LTI),3,Procedimiento inadecuado,Tanques / Almacenamiento,2023-04-26,11,4,2023,Q2,21,1,1
1256,Producción,Mendoza - Cuyo,Nocturno,Casi accidente (near miss),0,Procedimiento inadecuado,Transporte en ruta,2024-11-26,10,11,2024,Q4,0,0,0
1256,Producción,Mendoza - Cuyo,Nocturno,Tratamiento médico,2,Acto inseguro,Taller mecánico,2024-03-14,9,3,2024,Q1,0,1,0
1256,Producción,Mendoza - Cuyo,Nocturno,Primeros auxilios,1,Condición climática,Planta compresora,2022-01-24,17,1,2022,Q1,0,0,0
1257,Producción,Neuquén - Vaca Muerta,Diurno,Casi accidente (near miss),0,Acto inseguro,Transporte en ruta,2023-07-20,11,7,2023,Q3,0,0,0
1257,Producción,Neuquén - Vaca Muerta,Diurno,Tiempo perdido (LTI),3,Condición climática,Área eléctrica,2023-06-14,18,6,2023,Q2,1,1,1
1258,Producción,Salta - NOA,Rotativo 14x14,Primeros auxilios,1,Procedimiento inadecuado,Tanques / Almacenamiento,2022-08-24,16,8,2022,Q3,0,0,0
1258,Producción,Salta - NOA,Rotativo 14x14,Casi accidente (near miss),0,Condición climática,Transporte en ruta,2022-04-10,9,4,2022,Q2,0,0,0
1259,Producción,Chubut - San Jorge,Diurno,Incapacidad permanente parcial,4,Acto inseguro,Planta compresora,2023-08-31,12,8,2023,Q3,58,1,0
1260,Producción,Neuquén - Vaca Muerta,Nocturno,Incidente ambiental,2,Procedimiento inadecuado,Pozos / Drilling,2023-09-03,3,9,2023,Q3,0,1,0
1261,Producción,Chubut - San Jorge,Rotativo 14x14,Incapacidad permanente parcial,4,Fatiga/turno extendido,Transporte en ruta,2022-01-12,14,1,2022,Q1,101,1,0
1263,Producción,Chubut - San Jorge,Diurno,Casi accidente (near miss),0,Condición insegura,Taller mecánico,2022-03-14,21,3,2022,Q1,0,0,0
1263,Producción,Chubut - San Jorge,Diurno,Tratamiento médico,2,Procedimiento inadecuado,Área eléctrica,2024-01-11,15,1,2024,Q1,0,1,0
1264,Producción,Salta - NOA,Rotativo 14x14,Incapacidad permanente parcial,4,Condición insegura,Planta compresora,2023-04-10,9,4,2023,Q2,100,1,0
1264,Producción,Salta - NOA,Rotativo 14x14,Tratamiento médico,2,Falla de equipo,Planta compresora,2023-06-04,15,6,2023,Q2,0,1,0
1265,Producción,Neuquén - Vaca Muerta,Rotativo 7x7,Casi accidente (near miss),0,Condición climática,Transporte en ruta,2022-05-30,9,5,2022,Q2,0,0,0
1266,Producción,Salta - NOA,Nocturno,Casi accidente (near miss),0,Condición insegura,Transporte en ruta,2022-02-08,6,2,2022,Q1,0,0,0
1268,Producción,Salta - NOA,Nocturno,Primeros auxilios,1,Comunicación deficiente,Oficina / Comedor,2024-02-29,9,2,2024,Q1,0,0,0
1272,Producción,Oficina Central BA,Rotativo 14x14,Incidente ambiental,2,Falla de equipo,Transporte en ruta,2022-07-03,17,7,2022,Q3,0,1,0
1276,Producción,Mendoza - Cuyo,Rotativo 7x7,Casi accidente (near miss),0,Fatiga/turno extendido,Pozos / Drilling,2023-02-14,8,2,2023,Q1,0,0,0
1277,Producción,Chubut - San Jorge,Diurno,Casi accidente (near miss),0,Comunicación deficiente,Tanques / Almacenamiento,2022-02-24,18,2,2022,Q1,0,0,0
1279,Producción,Neuquén - Vaca Muerta,Rotativo 14x14,Casi accidente (near miss),0,Comunicación deficiente,Área eléctrica,2022-11-30,3,11,2022,Q4,0,0,0
1279,Producción,Neuquén - Vaca Muerta,Rotativo 14x14,Incapacidad permanente parcial,4,Falla de equipo,Taller mecánico,2023-09-18,9,9,2023,Q3,133,1,0
1280,Producción,Mendoza - Cuyo,Rotativo 7x7,Casi accidente (near miss),0,Falla de equipo,Planta compresora,2023-08-24,14,8,2023,Q3,0,0,0
1280,Producción,Mendoza - Cuyo,Rotativo 7x7,Incapacidad permanente parcial,4,Condición insegura,Área eléctrica,2024-09-10,22,9,2024,Q3,65,1,0
1281,Producción,Neuquén - Vaca Muerta,Rotativo 14x14,Casi accidente (near miss),0,Comunicación deficiente,Área eléctrica,2022-09-19,0,9,2022,Q3,0,0,0
1281,Producción,Neuquén - Vaca Muerta,Rotativo 14x14,Casi accidente (near miss),0,Fatiga/turno extendido,Tanques / Almacenamiento,2024-02-28,11,2,2024,Q1,0,0,0
1282,Producción,Neuquén - Vaca Muerta,Rotativo 7x7,Primeros auxilios,1,Falla de equipo,Tanques / Almacenamiento,2022-12-01,8,12,2022,Q4,0,0,0
1282,Producción,Neuquén - Vaca Muerta,Rotativo 7x7,Casi accidente (near miss),0,Falla de equipo,Taller mecánico,2024-12-22,0,12,2024,Q4,0,0,0
1282,Producción,Neuquén - Vaca Muerta,Rotativo 7x7,Casi accidente (near miss),0,Falta de EPP,Taller mecánico,2022-11-17,9,11,2022,Q4,0,0,0
1283,Producción,Mendoza - Cuyo,Diurno,Casi accidente (near miss),0,Fatiga/turno extendido,Transporte en ruta,2024-08-27,19,8,2024,Q3,0,0,0
1285,Producción,Mendoza - Cuyo,Nocturno,Primeros auxilios,1,Acto inseguro,Taller mecánico,2024-08-19,11,8,2024,Q3,0,0,0
1285,Producción,Mendoza - Cuyo,Nocturno,Casi accidente (near miss),0,Falta de EPP,Tanques / Almacenamiento,2022-05-30,1,5,2022,Q2,0,0,0
1285,Producción,Mendoza - Cuyo,Nocturno,Casi accidente (near miss),0,Comunicación deficiente,Planta compresora,2022-01-03,19,1,2022,Q1,0,0,0
1290,Producción,Oficina Central BA,Diurno,Primeros auxilios,1,Falta de EPP,Oficina / Comedor,2022-03-26,21,3,2022,Q1,0,0,0
1291,Producción,Oficina Central BA,Diurno,Tiempo perdido (LTI),3,Condición climática,Tanques / Almacenamiento,2024-07-23,15,7,2024,Q3,1,1,1
1294,Producción,Neuquén - Vaca Muerta,Rotativo 14x14,Casi accidente (near miss),0,Falta de EPP,Planta compresora,2022-06-19,8,6,2022,Q2,0,0,0
1294,Producción,Neuquén - Vaca Muerta,Rotativo 14x14,Tratamiento médico,2,Procedimiento inadecuado,Tanques / Almacenamiento,2022-10-06,15,10,2022,Q4,0,1,0
1295,Producción,Mendoza - Cuyo,Rotativo 14x14,Primeros auxilios,1,Comunicación deficiente,Planta compresora,2022-04-16,10,4,2022,Q2,0,0,0
1296,Producción,Salta - NOA,Diurno,Casi accidente (near miss),0,Falta de EPP,Pozos / Drilling,2023-11-23,11,11,2023,Q4,0,0,0
1297,Producción,Mendoza - Cuyo,Rotativo 7x7,Primeros auxilios,1,Falla de equipo,Oficina / Comedor,2023-12-21,17,12,2023,Q4,0,0,0
1300,Producción,Neuquén - Vaca Muerta,Rotativo 14x14,Primeros auxilios,1,Condición insegura,Oficina / Comedor,2024-07-12,14,7,2024,Q3,0,0,0
1302,Producción,Salta - NOA,Rotativo 14x14,Fatalidad,5,Comunicación deficiente,Pozos / Drilling,2024-02-22,16,2,2024,Q1,0,1,0
1303,Producción,Salta - NOA,Rotativo 7x7,Primeros auxilios,1,Condición climática,Área eléctrica,2023-11-15,8,11,2023,Q4,0,0,0
1303,Producción,Salta - NOA,Rotativo 7x7,Casi accidente (near miss),0,Condición insegura,Transporte en ruta,2023-11-05,8,11,2023,Q4,0,0,0
1304,Producción,Mendoza - Cuyo,Diurno,Tiempo perdido (LTI),3,Condición insegura,Taller mecánico,2024-06-14,14,6,2024,Q2,11,1,1
1305,Producción,Neuquén - Vaca Muerta,Diurno,Casi accidente (near miss),0,Falla de equipo,Área eléctrica,2024-06-27,5,6,2024,Q2,0,0,0
1306,Producción,Neuquén - Vaca Muerta,Rotativo 14x14,Casi accidente (near miss),0,Procedimiento inadecuado,Transporte en ruta,2023-10-02,14,10,2023,Q4,0,0,0
1307,Producción,Mendoza - Cuyo,Rotativo 7x7,Tratamiento médico,2,Falla de equipo,Área eléctrica,2023-06-30,14,6,2023,Q2,0,1,0
1308,Producción,Salta - NOA,Rotativo 14x14,Casi accidente (near miss),0,Condición climática,Área eléctrica,2023-11-03,2,11,2023,Q4,0,0,0
1309,Producción,Salta - NOA,Rotativo 14x14,Tratamiento médico,2,Procedimiento inadecuado,Oficina / Comedor,2022-10-23,16,10,2022,Q4,0,1,0
1309,Producción,Salta - NOA,Rotativo 14x14,Casi accidente (near miss),0,Comunicación deficiente,Área eléctrica,2024-09-18,8,9,2024,Q3,0,0,0
1314,Producción,Neuquén - Vaca Muerta,Diurno,Tratamiento médico,2,Comunicación deficiente,Pozos / Drilling,2022-10-09,11,10,2022,Q4,0,1,0
1315,Producción,Chubut - San Jorge,Rotativo 14x14,Casi accidente (near miss),0,Fatiga/turno extendido,Transporte en ruta,2024-05-05,16,5,2024,Q2,0,0,0
1315,Producción,Chubut - San Jorge,Rotativo 14x14,Casi accidente (near miss),0,Condición insegura,Taller mecánico,2022-10-21,11,10,2022,Q4,0,0,0
1317,Producción,Neuquén - Vaca Muerta,Rotativo 14x14,Casi accidente (near miss),0,Falla de equipo,Tanques / Almacenamiento,2024-10-02,8,10,2024,Q4,0,0,0
1317,Producción,Neuquén - Vaca Muerta,Rotativo 14x14,Fatalidad,5,Condición insegura,Taller mecánico,2024-03-07,23,3,2024,Q1,0,1,0
1322,Producción,Mendoza - Cuyo,Rotativo 14x14,Tiempo perdido (LTI),3,Condición climática,Transporte en ruta,2023-01-29,12,1,2023,Q1,26,1,1
1323,Producción,Mendoza - Cuyo,Rotativo 14x14,Primeros auxilios,1,Procedimiento inadecuado,Transporte en ruta,2023-01-19,17,1,2023,Q1,0,0,0
1323,Producción,Mendoza - Cuyo,Rotativo 14x14,Primeros auxilios,1,Acto inseguro,Tanques / Almacenamiento,2024-05-03,8,5,2024,Q2,0,0,0
1324,Producción,Neuquén - Vaca Muerta,Diurno,Incidente ambiental,2,Condición climática,Transporte en ruta,2023-02-20,14,2,2023,Q1,0,1,0
1324,Producción,Neuquén - Vaca Muerta,Diurno,Incidente ambiental,2,Falla de equipo,Planta compresora,2024-02-10,16,2,2024,Q1,0,1,0
1324,Producción,Neuquén - Vaca Muerta,Diurno,Tratamiento médico,2,Fatiga/turno extendido,Área eléctrica,2024-04-28,15,4,2024,Q2,0,1,0
1325,Producción,Oficina Central BA,Rotativo 14x14,Primeros auxilios,1,Condición insegura,Tanques / Almacenamiento,2022-09-24,10,9,2022,Q3,0,0,0
1328,Producción,Neuquén - Vaca Muerta,Nocturno,Primeros auxilios,1,Condición insegura,Planta compresora,2023-11-19,20,11,2023,Q4,0,0,0
1328,Producción,Neuquén - Vaca Muerta,Nocturno,Tiempo perdido (LTI),3,Condición insegura,Pozos / Drilling,2024-03-11,10,3,2024,Q1,5,1,1
1329,Producción,Oficina Central BA,Rotativo 14x14,Tratamiento médico,2,Condición insegura,Área eléctrica,2023-08-22,9,8,2023,Q3,0,1,0
1330,Producción,Chubut - San Jorge,Rotativo 14x14,Tratamiento médico,2,Falla de equipo,Pozos / Drilling,2024-04-01,16,4,2024,Q2,0,1,0
1331,Producción,Neuquén - Vaca Muerta,Rotativo 14x14,Casi accidente (near miss),0,Procedimiento inadecuado,Oficina / Comedor,2022-04-28,7,4,2022,Q2,0,0,0
1331,Producción,Neuquén - Vaca Muerta,Rotativo 14x14,Casi accidente (near miss),0,Fatiga/turno extendido,Transporte en ruta,2023-04-09,22,4,2023,Q2,0,0,0
1332,Producción,Mendoza - Cuyo,Diurno,Casi accidente (near miss),0,Condición climática,Taller mecánico,2023-08-01,21,8,2023,Q3,0,0,0
1337,Producción,Neuquén - Vaca Muerta,Diurno,Primeros auxilios,1,Comunicación deficiente,Oficina / Comedor,2023-10-30,11,10,2023,Q4,0,0,0
1338,Producción,Neuquén - Vaca Muerta,Rotativo 7x7,Primeros auxilios,1,Condición climática,Transporte en ruta,2023-03-02,10,3,2023,Q1,0,0,0
1338,Producción,Neuquén - Vaca Muerta,Rotativo 7x7,Casi accidente (near miss),0,Fatiga/turno extendido,Área eléctrica,2024-08-31,15,8,2024,Q3,0,0,0
1338,Producción,Neuquén - Vaca Muerta,Rotativo 7x7,Primeros auxilios,1,Condición insegura,Planta compresora,2024-09-03,15,9,2024,Q3,0,0,0
1339,Producción,Salta - NOA,Nocturno,Primeros auxilios,1,Procedimiento inadecuado,Planta compresora,2024-07-20,20,7,2024,Q3,0,0,0
1339,Producción,Salta - NOA,Nocturno,Casi accidente (near miss),0,Falla de equipo,Oficina / Comedor,2024-10-06,5,10,2024,Q4,0,0,0
1340,Producción,Chubut - San Jorge,Nocturno,Primeros auxilios,1,Condición climática,Pozos / Drilling,2023-06-09,20,6,2023,Q2,0,0,0
1342,Producción,Salta - NOA,Nocturno,Primeros auxilios,1,Procedimiento inadecuado,Transporte en ruta,2024-01-17,12,1,2024,Q1,0,0,0
1344,Producción,Neuquén - Vaca Muerta,Nocturno,Casi accidente (near miss),0,Comunicación deficiente,Taller mecánico,2022-03-24,13,3,2022,Q1,0,0,0
1345,Producción,Mendoza - Cuyo,Rotativo 7x7,Incapacidad permanente parcial,4,Condición insegura,Oficina / Comedor,2023-06-08,13,6,2023,Q2,42,1,0
1345,Producción,Mendoza - Cuyo,Rotativo 7x7,Casi accidente (near miss),0,Condición insegura,Tanques / Almacenamiento,2023-08-31,16,8,2023,Q3,0,0,0
1346,Producción,Neuquén - Vaca Muerta,Diurno,Primeros auxilios,1,Acto inseguro,Área eléctrica,2023-03-08,12,3,2023,Q1,0,0,0
1347,Producción,Salta - NOA,Rotativo 14x14,Tiempo perdido (LTI),3,Fatiga/turno extendido,Área eléctrica,2024-11-04,10,11,2024,Q4,5,1,1
1347,Producción,Salta - NOA,Rotativo 14x14,Incidente ambiental,2,Acto inseguro,Taller mecánico,2023-05-15,16,5,2023,Q2,0,1,0
1348,Producción,Oficina Central BA,Nocturno,Casi accidente (near miss),0,Falta de EPP,Taller mecánico,2022-04-29,11,4,2022,Q2,0,0,0
1348,Producción,Oficina Central BA,Nocturno,Incapacidad permanente parcial,4,Condición insegura,Área eléctrica,2022-10-03,10,10,2022,Q4,140,1,0
1349,Producción,Mendoza - Cuyo,Nocturno,Casi accidente (near miss),0,Falta de EPP,Transporte en ruta,2024-03-09,14,3,2024,Q1,0,0,0
1349,Producción,Mendoza - Cuyo,Nocturno,Tiempo perdido (LTI),3,Procedimiento inadecuado,Pozos / Drilling,2024-05-08,17,5,2024,Q2,20,1,1
1349,Producción,Mendoza - Cuyo,Nocturno,Primeros auxilios,1,Procedimiento inadecuado,Planta compresora,2022-04-30,12,4,2022,Q2,0,0,0
1353,Producción,Neuquén - Vaca Muerta,Rotativo 14x14,Casi accidente (near miss),0,Comunicación deficiente,Taller mecánico,2022-04-26,16,4,2022,Q2,0,0,0
1355,Producción,Oficina Central BA,Rotativo 14x14,Casi accidente (near miss),0,Acto inseguro,Transporte en ruta,2023-12-04,9,12,2023,Q4,0,0,0
1358,Producción,Neuquén - Vaca Muerta,Diurno,Casi accidente (near miss),0,Comunicación deficiente,Planta compresora,2022-05-08,18,5,2022,Q2,0,0,0
1360,Producción,Neuquén - Vaca Muerta,Rotativo 14x14,Primeros auxilios,1,Acto inseguro,Pozos / Drilling,2022-01-21,11,1,2022,Q1,0,0,0
1362,Producción,Mendoza - Cuyo,Diurno,Casi accidente (near miss),0,Fatiga/turno extendido,Planta compresora,2023-01-31,16,1,2023,Q1,0,0,0
1363,Producción,Mendoza - Cuyo,Diurno,Casi accidente (near miss),0,Condición climática,Planta compresora,2023-09-10,21,9,2023,Q3,0,0,0
1365,Producción,Neuquén - Vaca Muerta,Nocturno,Primeros auxilios,1,Procedimiento inadecuado,Planta compresora,2023-12-08,13,12,2023,Q4,0,0,0
1365,Producción,Neuquén - Vaca Muerta,Nocturno,Tiempo perdido (LTI),3,Fatiga/turno extendido,Taller mecánico,2024-03-28,12,3,2024,Q1,4,1,1
1365,Producción,Neuquén - Vaca Muerta,Nocturno,Primeros auxilios,1,Condición insegura,Planta compresora,2023-05-17,1,5,2023,Q2,0,0,0
1367,Producción,Neuquén - Vaca Muerta,Rotativo 7x7,Primeros auxilios,1,Condición insegura,Planta compresora,2023-01-13,6,1,2023,Q1,0,0,0
1368,Producción,Mendoza - Cuyo,Rotativo 7x7,Tratamiento médico,2,Fatiga/turno extendido,Oficina / Comedor,2023-01-16,23,1,2023,Q1,0,1,0
1371,Producción,Chubut - San Jorge,Diurno,Tratamiento médico,2,Procedimiento inadecuado,Área eléctrica,2022-03-09,20,3,2022,Q1,0,1,0
1372,Producción,Neuquén - Vaca Muerta,Rotativo 14x14,Incidente ambiental,2,Condición climática,Taller mecánico,2024-12-20,15,12,2024,Q4,0,1,0
1372,Producción,Neuquén - Vaca Muerta,Rotativo 14x14,Primeros auxilios,1,Procedimiento inadecuado,Pozos / Drilling,2023-08-03,13,8,2023,Q3,0,0,0
1373,Producción,Chubut - San Jorge,Diurno,Primeros auxilios,1,Fatiga/turno extendido,Área eléctrica,2024-08-18,11,8,2024,Q3,0,0,0
1374,Producción,Salta - NOA,Diurno,Primeros auxilios,1,Fatiga/turno extendido,Taller mecánico,2024-11-18,12,11,2024,Q4,0,0,0
1376,Producción,Mendoza - Cuyo,Rotativo 14x14,Casi accidente (near miss),0,Condición insegura,Taller mecánico,2022-05-15,5,5,2022,Q2,0,0,0
1376,Producción,Mendoza - Cuyo,Rotativo 14x14,Tiempo perdido (LTI),3,Comunicación deficiente,Tanques / Almacenamiento,2024-06-04,13,6,2024,Q2,53,1,1
1376,Producción,Mendoza - Cuyo,Rotativo 14x14,Primeros auxilios,1,Condición insegura,Pozos / Drilling,2023-05-24,7,5,2023,Q2,0,0,0
1376,Producción,Mendoza - Cuyo,Rotativo 14x14,Casi accidente (near miss),0,Falla de equipo,Tanques / Almacenamiento,2023-03-13,21,3,2023,Q1,0,0,0
1377,Producción,Neuquén - Vaca Muerta,Rotativo 14x14,Tiempo perdido (LTI),3,Acto inseguro,Tanques / Almacenamiento,2022-04-21,7,4,2022,Q2,10,1,1
1381,Producción,Salta - NOA,Rotativo 7x7,Casi accidente (near miss),0,Acto inseguro,Transporte en ruta,2023-10-29,19,10,2023,Q4,0,0,0
1383,Producción,Neuquén - Vaca Muerta,Rotativo 14x14,Casi accidente (near miss),0,Acto inseguro,Taller mecánico,2023-08-16,14,8,2023,Q3,0,0,0
1383,Producción,Neuquén - Vaca Muerta,Rotativo 14x14,Primeros auxilios,1,Comunicación deficiente,Taller mecánico,2022-07-17,12,7,2022,Q3,0,0,0
1383,Producción,Neuquén - Vaca Muerta,Rotativo 14x14,Casi accidente (near miss),0,Procedimiento inadecuado,Transporte en ruta,2024-01-14,12,1,2024,Q1,0,0,0
1385,Producción,Mendoza - Cuyo,Rotativo 7x7,Primeros auxilios,1,Procedimiento inadecuado,Área eléctrica,2024-07-14,10,7,2024,Q3,0,0,0
1386,Producción,Mendoza - Cuyo,Nocturno,Casi accidente (near miss),0,Procedimiento inadecuado,Taller mecánico,2023-02-09,16,2,2023,Q1,0,0,0
1387,Producción,Chubut - San Jorge,Diurno,Casi accidente (near miss),0,Comunicación deficiente,Taller mecánico,2022-12-28,16,12,2022,Q4,0,0,0
1390,Producción,Neuquén - Vaca Muerta,Diurno,Primeros auxilios,1,Comunicación deficiente,Transporte en ruta,2022-07-06,10,7,2022,Q3,0,0,0
1390,Producción,Neuquén - Vaca Muerta,Diurno,Tratamiento médico,2,Fatiga/turno extendido,Taller mecánico,2023-03-16,17,3,2023,Q1,0,1,0
1391,Producción,Chubut - San Jorge,Rotativo 14x14,Casi accidente (near miss),0,Falta de EPP,Área eléctrica,2024-11-30,16,11,2024,Q4,0,0,0
1393,Producción,Chubut - San Jorge,Rotativo 14x14,Casi accidente (near miss),0,Condición insegura,Tanques / Almacenamiento,2023-09-14,11,9,2023,Q3,0,0,0
1397,Producción,Mendoza - Cuyo,Rotativo 14x14,Casi accidente (near miss),0,Fatiga/turno extendido,Transporte en ruta,2024-09-10,12,9,2024,Q3,0,0,0
1398,Producción,Chubut - San Jorge,Nocturno,Casi accidente (near miss),0,Condición climática,Planta compresora,2023-10-31,10,10,2023,Q4,0,0,0
1398,Producción,Chubut - San Jorge,Nocturno,Incidente ambiental,2,Comunicación deficiente,Planta compresora,2024-10-30,9,10,2024,Q4,0,1,0
1399,Producción,Mendoza - Cuyo,Rotativo 14x14,Tratamiento médico,2,Procedimiento inadecuado,Área eléctrica,2022-11-08,9,11,2022,Q4,0,1,0
1399,Producción,Mendoza - Cuyo,Rotativo 14x14,Casi accidente (near miss),0,Fatiga/turno extendido,Oficina / Comedor,2022-03-12,9,3,2022,Q1,0,0,0
1401,Mantenimiento,Neuquén - Vaca Muerta,Rotativo 7x7,Tiempo perdido (LTI),3,Falla de equipo,Pozos / Drilling,2022-09-15,15,9,2022,Q3,4,1,1
1401,Mantenimiento,Neuquén - Vaca Muerta,Rotativo 7x7,Tratamiento médico,2,Condición insegura,Transporte en ruta,2022-08-27,8,8,2022,Q3,0,1,0
1401,Mantenimiento,Neuquén - Vaca Muerta,Rotativo 7x7,Primeros auxilios,1,Condición climática,Taller mecánico,2022-09-14,8,9,2022,Q3,0,0,0
1402,Mantenimiento,Neuquén - Vaca Muerta,Rotativo 14x14,Casi accidente (near miss),0,Falta de EPP,Taller mecánico,2022-02-28,11,2,2022,Q1,0,0,0
1403,Mantenimiento,Chubut - San Jorge,Rotativo 7x7,Primeros auxilios,1,Condición climática,Tanques / Almacenamiento,2024-12-27,18,12,2024,Q4,0,0,0
1404,Mantenimiento,Chubut - San Jorge,Diurno,Casi accidente (near miss),0,Procedimiento inadecuado,Planta compresora,2024-07-11,16,7,2024,Q3,0,0,0
1405,Mantenimiento,Neuquén - Vaca Muerta,Rotativo 14x14,Casi accidente (near miss),0,Comunicación deficiente,Pozos / Drilling,2024-12-27,13,12,2024,Q4,0,0,0
1406,Mantenimiento,Neuquén - Vaca Muerta,Diurno,Incapacidad permanente parcial,4,Procedimiento inadecuado,Planta compresora,2022-07-02,9,7,2022,Q3,101,1,0
1409,Mantenimiento,Neuquén - Vaca Muerta,Rotativo 14x14,Incapacidad permanente parcial,4,Comunicación deficiente,Tanques / Almacenamiento,2024-11-09,9,11,2024,Q4,75,1,0
1409,Mantenimiento,Neuquén - Vaca Muerta,Rotativo 14x14,Primeros auxilios,1,Fatiga/turno extendido,Tanques / Almacenamiento,2022-09-18,9,9,2022,Q3,0,0,0
1412,Mantenimiento,Neuquén - Vaca Muerta,Rotativo 14x14,Casi accidente (near miss),0,Procedimiento inadecuado,Tanques / Almacenamiento,2023-08-08,10,8,2023,Q3,0,0,0
1412,Mantenimiento,Neuquén - Vaca Muerta,Rotativo 14x14,Tratamiento médico,2,Falla de equipo,Transporte en ruta,2024-04-21,10,4,2024,Q2,0,1,0
1413,Mantenimiento,Mendoza - Cuyo,Rotativo 7x7,Tratamiento médico,2,Procedimiento inadecuado,Oficina / Comedor,2022-04-25,19,4,2022,Q2,0,1,0
1413,Mantenimiento,Mendoza - Cuyo,Rotativo 7x7,Casi accidente (near miss),0,Comunicación deficiente,Tanques / Almacenamiento,2022-03-04,11,3,2022,Q1,0,0,0
1415,Mantenimiento,Chubut - San Jorge,Rotativo 14x14,Tiempo perdido (LTI),3,Comunicación deficiente,Oficina / Comedor,2024-11-12,7,11,2024,Q4,1,1,1
1420,Mantenimiento,Neuquén - Vaca Muerta,Diurno,Primeros auxilios,1,Falta de EPP,Pozos / Drilling,2024-10-01,7,10,2024,Q4,0,0,0
1421,Mantenimiento,Neuquén - Vaca Muerta,Diurno,Casi accidente (near miss),0,Falta de EPP,Oficina / Comedor,2022-12-06,15,12,2022,Q4,0,0,0
1421,Mantenimiento,Neuquén - Vaca Muerta,Diurno,Primeros auxilios,1,Fatiga/turno extendido,Planta compresora,2022-05-27,17,5,2022,Q2,0,0,0
1422,Mantenimiento,Neuquén - Vaca Muerta,Rotativo 14x14,Casi accidente (near miss),0,Procedimiento inadecuado,Área eléctrica,2024-01-10,16,1,2024,Q1,0,0,0
1423,Mantenimiento,Neuquén - Vaca Muerta,Rotativo 7x7,Primeros auxilios,1,Falta de EPP,Área eléctrica,2023-09-23,11,9,2023,Q3,0,0,0
1423,Mantenimiento,Neuquén - Vaca Muerta,Rotativo 7x7,Casi accidente (near miss),0,Condición insegura,Planta compresora,2023-09-21,11,9,2023,Q3,0,0,0
1424,Mantenimiento,Neuquén - Vaca Muerta,Rotativo 14x14,Casi accidente (near miss),0,Acto inseguro,Taller mecánico,2023-02-08,19,2,2023,Q1,0,0,0
1426,Mantenimiento,Neuquén - Vaca Muerta,Rotativo 14x14,Fatalidad,5,Procedimiento inadecuado,Pozos / Drilling,2022-09-27,0,9,2022,Q3,0,1,0
1428,Mantenimiento,Neuquén - Vaca Muerta,Rotativo 14x14,Tiempo perdido (LTI),3,Falla de equipo,Tanques / Almacenamiento,2023-03-16,11,3,2023,Q1,1,1,1
1429,Mantenimiento,Neuquén - Vaca Muerta,Rotativo 7x7,Tratamiento médico,2,Condición climática,Pozos / Drilling,2023-08-14,8,8,2023,Q3,0,1,0
1431,Mantenimiento,Mendoza - Cuyo,Nocturno,Casi accidente (near miss),0,Falta de EPP,Tanques / Almacenamiento,2024-03-03,8,3,2024,Q1,0,0,0
1431,Mantenimiento,Mendoza - Cuyo,Nocturno,Primeros auxilios,1,Procedimiento inadecuado,Pozos / Drilling,2023-05-12,18,5,2023,Q2,0,0,0
1434,Mantenimiento,Mendoza - Cuyo,Rotativo 14x14,Primeros auxilios,1,Acto inseguro,Taller mecánico,2024-03-07,14,3,2024,Q1,0,0,0
1435,Mantenimiento,Neuquén - Vaca Muerta,Diurno,Primeros auxilios,1,Acto inseguro,Transporte en ruta,2023-03-17,12,3,2023,Q1,0,0,0
1435,Mantenimiento,Neuquén - Vaca Muerta,Diurno,Tiempo perdido (LTI),3,Condición insegura,Oficina / Comedor,2022-10-26,10,10,2022,Q4,21,1,1
1437,Mantenimiento,Salta - NOA,Rotativo 14x14,Casi accidente (near miss),0,Acto inseguro,Transporte en ruta,2024-08-17,13,8,2024,Q3,0,0,0
1437,Mantenimiento,Salta - NOA,Rotativo 14x14,Casi accidente (near miss),0,Condición insegura,Tanques / Almacenamiento,2022-03-09,12,3,2022,Q1,0,0,0
1437,Mantenimiento,Salta - NOA,Rotativo 14x14,Tratamiento médico,2,Falla de equipo,Transporte en ruta,2024-11-14,15,11,2024,Q4,0,1,0
1438,Mantenimiento,Neuquén - Vaca Muerta,Rotativo 14x14,Tratamiento médico,2,Acto inseguro,Planta compresora,2023-07-11,14,7,2023,Q3,0,1,0
1438,Mantenimiento,Neuquén - Vaca Muerta,Rotativo 14x14,Casi accidente (near miss),0,Comunicación deficiente,Oficina / Comedor,2024-06-05,21,6,2024,Q2,0,0,0
1439,Mantenimiento,Neuquén - Vaca Muerta,Nocturno,Primeros auxilios,1,Condición climática,Taller mecánico,2024-08-23,11,8,2024,Q3,0,0,0
1439,Mantenimiento,Neuquén - Vaca Muerta,Nocturno,Tiempo perdido (LTI),3,Procedimiento inadecuado,Transporte en ruta,2024-01-09,18,1,2024,Q1,1,1,1
1440,Mantenimiento,Salta - NOA,Diurno,Tratamiento médico,2,Falta de EPP,Transporte en ruta,2024-06-20,15,6,2024,Q2,0,1,0
1441,Mantenimiento,Mendoza - Cuyo,Nocturno,Casi accidente (near miss),0,Acto inseguro,Planta compresora,2023-04-30,6,4,2023,Q2,0,0,0
1441,Mantenimiento,Mendoza - Cuyo,Nocturno,Tiempo perdido (LTI),3,Comunicación deficiente,Taller mecánico,2024-12-28,14,12,2024,Q4,11,1,1
1442,Mantenimiento,Mendoza - Cuyo,Rotativo 14x14,Incapacidad permanente parcial,4,Falla de equipo,Taller mecánico,2024-08-09,18,8,2024,Q3,42,1,0
1442,Mantenimiento,Mendoza - Cuyo,Rotativo 14x14,Tratamiento médico,2,Falta de EPP,Pozos / Drilling,2022-12-26,12,12,2022,Q4,0,1,0
1442,Mantenimiento,Mendoza - Cuyo,Rotativo 14x14,Incapacidad permanente parcial,4,Falla de equipo,Pozos / Drilling,2024-06-22,12,6,2024,Q2,132,1,0
1446,Mantenimiento,Chubut - San Jorge,Rotativo 7x7,Casi accidente (near miss),0,Fatiga/turno extendido,Taller mecánico,2023-08-23,13,8,2023,Q3,0,0,0
1446,Mantenimiento,Chubut - San Jorge,Rotativo 7x7,Incapacidad permanente parcial,4,Falta de EPP,Transporte en ruta,2022-10-29,1,10,2022,Q4,94,1,0
1448,Mantenimiento,Chubut - San Jorge,Rotativo 14x14,Casi accidente (near miss),0,Fatiga/turno extendido,Tanques / Almacenamiento,2023-04-03,7,4,2023,Q2,0,0,0
1448,Mantenimiento,Chubut - San Jorge,Rotativo 14x14,Casi accidente (near miss),0,Condición insegura,Planta compresora,2022-02-20,13,2,2022,Q1,0,0,0
1450,Mantenimiento,Salta - NOA,Rotativo 14x14,Tiempo perdido (LTI),3,Condición insegura,Oficina / Comedor,2024-08-12,22,8,2024,Q3,11,1,1
1450,Mantenimiento,Salta - NOA,Rotativo 14x14,Casi accidente (near miss),0,Condición insegura,Taller mecánico,2022-07-18,15,7,2022,Q3,0,0,0
1451,Mantenimiento,Neuquén - Vaca Muerta,Rotativo 7x7,Primeros auxilios,1,Acto inseguro,Oficina / Comedor,2023-04-18,11,4,2023,Q2,0,0,0
1452,Mantenimiento,Mendoza - Cuyo,Diurno,Tiempo perdido (LTI),3,Condición insegura,Área eléctrica,2024-08-24,8,8,2024,Q3,18,1,1
1454,Mantenimiento,Neuquén - Vaca Muerta,Rotativo 14x14,Casi accidente (near miss),0,Condición climática,Transporte en ruta,2023-02-14,16,2,2023,Q1,0,0,0
1455,Mantenimiento,Mendoza - Cuyo,Nocturno,Tiempo perdido (LTI),3,Condición climática,Pozos / Drilling,2023-04-19,7,4,2023,Q2,3,1,1
1455,Mantenimiento,Mendoza - Cuyo,Nocturno,Tratamiento médico,2,Procedimiento inadecuado,Área eléctrica,2022-01-15,10,1,2022,Q1,0,1,0
1456,Mantenimiento,Neuquén - Vaca Muerta,Diurno,Tratamiento médico,2,Procedimiento inadecuado,Taller mecánico,2024-01-17,11,1,2024,Q1,0,1,0
1456,Mantenimiento,Neuquén - Vaca Muerta,Diurno,Primeros auxilios,1,Condición climática,Pozos / Drilling,2022-08-11,9,8,2022,Q3,0,0,0
1457,Mantenimiento,Neuquén - Vaca Muerta,Diurno,Casi accidente (near miss),0,Procedimiento inadecuado,Pozos / Drilling,2024-08-23,20,8,2024,Q3,0,0,0
1459,Mantenimiento,Mendoza - Cuyo,Diurno,Tiempo perdido (LTI),3,Falta de EPP,Tanques / Almacenamiento,2022-04-28,3,4,2022,Q2,1,1,1
1462,Mantenimiento,Mendoza - Cuyo,Rotativo 14x14,Incapacidad permanente parcial,4,Acto inseguro,Pozos / Drilling,2023-02-07,15,2,2023,Q1,67,1,0
1464,Mantenimiento,Chubut - San Jorge,Nocturno,Tratamiento médico,2,Falla de equipo,Planta compresora,2024-04-09,15,4,2024,Q2,0,1,0
1465,Mantenimiento,Neuquén - Vaca Muerta,Nocturno,Casi accidente (near miss),0,Procedimiento inadecuado,Pozos / Drilling,2023-09-19,16,9,2023,Q3,0,0,0
1465,Mantenimiento,Neuquén - Vaca Muerta,Nocturno,Tratamiento médico,2,Condición insegura,Planta compresora,2022-11-06,8,11,2022,Q4,0,1,0
1465,Mantenimiento,Neuquén - Vaca Muerta,Nocturno,Primeros auxilios,1,Acto inseguro,Área eléctrica,2024-01-25,10,1,2024,Q1,0,0,0
1465,Mantenimiento,Neuquén - Vaca Muerta,Nocturno,Casi accidente (near miss),0,Acto inseguro,Tanques / Almacenamiento,2022-04-19,15,4,2022,Q2,0,0,0
1466,Mantenimiento,Neuquén - Vaca Muerta,Rotativo 7x7,Primeros auxilios,1,Falta de EPP,Transporte en ruta,2024-03-14,17,3,2024,Q1,0,0,0
1466,Mantenimiento,Neuquén - Vaca Muerta,Rotativo 7x7,Casi accidente (near miss),0,Comunicación deficiente,Transporte en ruta,2022-07-30,14,7,2022,Q3,0,0,0
1466,Mantenimiento,Neuquén - Vaca Muerta,Rotativo 7x7,Casi accidente (near miss),0,Condición climática,Transporte en ruta,2022-04-25,16,4,2022,Q2,0,0,0
1469,Mantenimiento,Mendoza - Cuyo,Diurno,Casi accidente (near miss),0,Acto inseguro,Planta compresora,2022-01-23,6,1,2022,Q1,0,0,0
1470,Mantenimiento,Neuquén - Vaca Muerta,Rotativo 14x14,Primeros auxilios,1,Acto inseguro,Transporte en ruta,2022-05-12,8,5,2022,Q2,0,0,0
1472,Mantenimiento,Salta - NOA,Rotativo 7x7,Tiempo perdido (LTI),3,Acto inseguro,Tanques / Almacenamiento,2022-04-19,7,4,2022,Q2,2,1,1
1474,Mantenimiento,Neuquén - Vaca Muerta,Rotativo 14x14,Casi accidente (near miss),0,Falla de equipo,Transporte en ruta,2024-10-25,13,10,2024,Q4,0,0,0
1475,Mantenimiento,Mendoza - Cuyo,Diurno,Casi accidente (near miss),0,Falla de equipo,Tanques / Almacenamiento,2023-07-16,17,7,2023,Q3,0,0,0
1475,Mantenimiento,Mendoza - Cuyo,Diurno,Casi accidente (near miss),0,Falla de equipo,Área eléctrica,2023-08-21,15,8,2023,Q3,0,0,0
1476,Mantenimiento,Chubut - San Jorge,Diurno,Primeros auxilios,1,Acto inseguro,Tanques / Almacenamiento,2022-03-04,8,3,2022,Q1,0,0,0
1476,Mantenimiento,Chubut - San Jorge,Diurno,Casi accidente (near miss),0,Falla de equipo,Transporte en ruta,2024-06-17,14,6,2024,Q2,0,0,0
1478,Mantenimiento,Mendoza - Cuyo,Diurno,Casi accidente (near miss),0,Condición insegura,Oficina / Comedor,2023-07-13,19,7,2023,Q3,0,0,0
1479,Mantenimiento,Neuquén - Vaca Muerta,Rotativo 14x14,Primeros auxilios,1,Procedimiento inadecuado,Tanques / Almacenamiento,2023-08-27,17,8,2023,Q3,0,0,0
1480,Mantenimiento,Chubut - San Jorge,Nocturno,Casi accidente (near miss),0,Fatiga/turno extendido,Área eléctrica,2023-08-09,19,8,2023,Q3,0,0,0
1481,Mantenimiento,Mendoza - Cuyo,Diurno,Casi accidente (near miss),0,Procedimiento inadecuado,Transporte en ruta,2022-12-22,6,12,2022,Q4,0,0,0
1482,Mantenimiento,Neuquén - Vaca Muerta,Nocturno,Tratamiento médico,2,Falla de equipo,Taller mecánico,2022-12-20,17,12,2022,Q4,0,1,0
1482,Mantenimiento,Neuquén - Vaca Muerta,Nocturno,Casi accidente (near miss),0,Condición climática,Tanques / Almacenamiento,2022-09-01,8,9,2022,Q3,0,0,0
1483,Mantenimiento,Chubut - San Jorge,Rotativo 7x7,Casi accidente (near miss),0,Condición climática,Transporte en ruta,2022-12-10,15,12,2022,Q4,0,0,0
1484,Mantenimiento,Mendoza - Cuyo,Rotativo 7x7,Incidente ambiental,2,Condición insegura,Tanques / Almacenamiento,2022-11-23,22,11,2022,Q4,0,1,0
1484,Mantenimiento,Mendoza - Cuyo,Rotativo 7x7,Casi accidente (near miss),0,Condición climática,Oficina / Comedor,2024-04-02,15,4,2024,Q2,0,0,0
1486,Mantenimiento,Neuquén - Vaca Muerta,Rotativo 14x14,Casi accidente (near miss),0,Comunicación deficiente,Tanques / Almacenamiento,2022-11-26,17,11,2022,Q4,0,0,0
1487,Mantenimiento,Neuquén - Vaca Muerta,Rotativo 7x7,Casi accidente (near miss),0,Falla de equipo,Área eléctrica,2023-01-05,12,1,2023,Q1,0,0,0
1488,Mantenimiento,Neuquén - Vaca Muerta,Rotativo 14x14,Casi accidente (near miss),0,Falta de EPP,Transporte en ruta,2023-06-12,15,6,2023,Q2,0,0,0
1488,Mantenimiento,Neuquén - Vaca Muerta,Rotativo 14x14,Incapacidad permanente parcial,4,Falta de EPP,Planta compresora,2023-10-29,3,10,2023,Q4,99,1,0
1491,Mantenimiento,Chubut - San Jorge,Nocturno,Primeros auxilios,1,Falta de EPP,Planta compresora,2022-12-01,20,12,2022,Q4,0,0,0
1491,Mantenimiento,Chubut - San Jorge,Nocturno,Tratamiento médico,2,Procedimiento inadecuado,Pozos / Drilling,2023-07-22,1,7,2023,Q3,0,1,0
1493,Mantenimiento,Chubut - San Jorge,Diurno,Casi accidente (near miss),0,Falla de equipo,Taller mecánico,2022-08-13,17,8,2022,Q3,0,0,0
1494,Mantenimiento,Chubut - San Jorge,Rotativo 14x14,Incapacidad permanente parcial,4,Condición climática,Transporte en ruta,2023-08-11,15,8,2023,Q3,75,1,0
1498,Mantenimiento,Chubut - San Jorge,Rotativo 14x14,Primeros auxilios,1,Falla de equipo,Tanques / Almacenamiento,2022-06-29,5,6,2022,Q2,0,0,0
1498,Mantenimiento,Chubut - San Jorge,Rotativo 14x14,Primeros auxilios,1,Falla de equipo,Transporte en ruta,2023-12-12,9,12,2023,Q4,0,0,0
1500,Mantenimiento,Neuquén - Vaca Muerta,Nocturno,Tratamiento médico,2,Acto inseguro,Área eléctrica,2023-05-02,16,5,2023,Q2,0,1,0
1500,Mantenimiento,Neuquén - Vaca Muerta,Nocturno,Casi accidente (near miss),0,Acto inseguro,Pozos / Drilling,2022-07-07,8,7,2022,Q3,0,0,0
1501,Mantenimiento,Mendoza - Cuyo,Rotativo 14x14,Casi accidente (near miss),0,Fatiga/turno extendido,Planta compresora,2024-09-17,19,9,2024,Q3,0,0,0
1501,Mantenimiento,Mendoza - Cuyo,Rotativo 14x14,Casi accidente (near miss),0,Procedimiento inadecuado,Planta compresora,2024-03-06,10,3,2024,Q1,0,0,0
1503,Mantenimiento,Mendoza - Cuyo,Rotativo 7x7,Casi accidente (near miss),0,Acto inseguro,Transporte en ruta,2023-02-02,6,2,2023,Q1,0,0,0
1504,Mantenimiento,Neuquén - Vaca Muerta,Diurno,Tratamiento médico,2,Condición climática,Pozos / Drilling,2022-07-20,15,7,2022,Q3,0,1,0
1506,Mantenimiento,Neuquén - Vaca Muerta,Nocturno,Tiempo perdido (LTI),3,Falta de EPP,Área eléctrica,2022-02-05,2,2,2022,Q1,7,1,1
1506,Mantenimiento,Neuquén - Vaca Muerta,Nocturno,Tratamiento médico,2,Condición climática,Tanques / Almacenamiento,2022-03-29,21,3,2022,Q1,0,1,0
1507,Mantenimiento,Neuquén - Vaca Muerta,Rotativo 14x14,Tratamiento médico,2,Fatiga/turno extendido,Tanques / Almacenamiento,2024-07-30,11,7,2024,Q3,0,1,0
1508,Mantenimiento,Neuquén - Vaca Muerta,Nocturno,Casi accidente (near miss),0,Condición insegura,Tanques / Almacenamiento,2023-02-13,9,2,2023,Q1,0,0,0
1508,Mantenimiento,Neuquén - Vaca Muerta,Nocturno,Primeros auxilios,1,Falta de EPP,Oficina / Comedor,2023-11-26,16,11,2023,Q4,0,0,0
1509,Mantenimiento,Mendoza - Cuyo,Rotativo 14x14,Primeros auxilios,1,Fatiga/turno extendido,Tanques / Almacenamiento,2023-05-28,15,5,2023,Q2,0,0,0
1509,Mantenimiento,Mendoza - Cuyo,Rotativo 14x14,Primeros auxilios,1,Fatiga/turno extendido,Planta compresora,2024-05-19,2,5,2024,Q2,0,0,0
1513,Mantenimiento,Chubut - San Jorge,Rotativo 14x14,Casi accidente (near miss),0,Condición climática,Área eléctrica,2023-07-30,5,7,2023,Q3,0,0,0
1513,Mantenimiento,Chubut - San Jorge,Rotativo 14x14,Primeros auxilios,1,Falta de EPP,Tanques / Almacenamiento,2024-11-25,11,11,2024,Q4,0,0,0
1513,Mantenimiento,Chubut - San Jorge,Rotativo 14x14,Tiempo perdido (LTI),3,Acto inseguro,Oficina / Comedor,2024-03-25,18,3,2024,Q1,1,1,1
1514,Mantenimiento,Neuquén - Vaca Muerta,Rotativo 14x14,Tratamiento médico,2,Falta de EPP,Área eléctrica,2022-09-17,12,9,2022,Q3,0,1,0
1515,Mantenimiento,Chubut - San Jorge,Diurno,Casi accidente (near miss),0,Condición climática,Transporte en ruta,2024-12-30,11,12,2024,Q4,0,0,0
1516,Mantenimiento,Neuquén - Vaca Muerta,Diurno,Tiempo perdido (LTI),3,Procedimiento inadecuado,Tanques / Almacenamiento,2023-05-19,14,5,2023,Q2,14,1,1
1517,Mantenimiento,Chubut - San Jorge,Nocturno,Casi accidente (near miss),0,Falta de EPP,Tanques / Almacenamiento,2024-12-08,7,12,2024,Q4,0,0,0
1517,Mantenimiento,Chubut - San Jorge,Nocturno,Incapacidad permanente parcial,4,Falta de EPP,Área eléctrica,2022-08-02,18,8,2022,Q3,61,1,0
1517,Mantenimiento,Chubut - San Jorge,Nocturno,Casi accidente (near miss),0,Procedimiento inadecuado,Pozos / Drilling,2023-08-23,15,8,2023,Q3,0,0,0
1518,Mantenimiento,Chubut - San Jorge,Diurno,Casi accidente (near miss),0,Condición insegura,Tanques / Almacenamiento,2022-07-28,9,7,2022,Q3,0,0,0
1518,Mantenimiento,Chubut - San Jorge,Diurno,Casi accidente (near miss),0,Falla de equipo,Transporte en ruta,2023-01-19,20,1,2023,Q1,0,0,0
1520,Mantenimiento,Neuquén - Vaca Muerta,Diurno,Tiempo perdido (LTI),3,Procedimiento inadecuado,Pozos / Drilling,2024-03-05,16,3,2024,Q1,11,1,1
1521,Mantenimiento,Neuquén - Vaca Muerta,Nocturno,Tiempo perdido (LTI),3,Comunicación deficiente,Taller mecánico,2023-07-29,18,7,2023,Q3,7,1,1
1521,Mantenimiento,Neuquén - Vaca Muerta,Nocturno,Casi accidente (near miss),0,Falla de equipo,Pozos / Drilling,2022-11-01,12,11,2022,Q4,0,0,0
1521,Mantenimiento,Neuquén - Vaca Muerta,Nocturno,Primeros auxilios,1,Falla de equipo,Planta compresora,2024-02-24,15,2,2024,Q1,0,0,0
1522,Mantenimiento,Mendoza - Cuyo,Rotativo 7x7,Casi accidente (near miss),0,Condición climática,Tanques / Almacenamiento,2023-06-10,9,6,2023,Q2,0,0,0
1523,Mantenimiento,Mendoza - Cuyo,Nocturno,Primeros auxilios,1,Fatiga/turno extendido,Oficina / Comedor,2024-12-25,9,12,2024,Q4,0,0,0
1524,Mantenimiento,Salta - NOA,Nocturno,Casi accidente (near miss),0,Procedimiento inadecuado,Taller mecánico,2022-08-25,17,8,2022,Q3,0,0,0
1527,Mantenimiento,Neuquén - Vaca Muerta,Diurno,Primeros auxilios,1,Falta de EPP,Oficina / Comedor,2023-05-14,0,5,2023,Q2,0,0,0
1527,Mantenimiento,Neuquén - Vaca Muerta,Diurno,Primeros auxilios,1,Falta de EPP,Oficina / Comedor,2023-09-17,16,9,2023,Q3,0,0,0
1529,Mantenimiento,Neuquén - Vaca Muerta,Nocturno,Tratamiento médico,2,Comunicación deficiente,Planta compresora,2022-04-13,21,4,2022,Q2,0,1,0
1530,Mantenimiento,Chubut - San Jorge,Rotativo 7x7,Primeros auxilios,1,Acto inseguro,Oficina / Comedor,2024-11-16,16,11,2024,Q4,0,0,0
1530,Mantenimiento,Chubut - San Jorge,Rotativo 7x7,Incidente ambiental,2,Acto inseguro,Área eléctrica,2024-03-06,20,3,2024,Q1,0,1,0
1531,Mantenimiento,Mendoza - Cuyo,Rotativo 14x14,Primeros auxilios,1,Comunicación deficiente,Oficina / Comedor,2023-11-19,12,11,2023,Q4,0,0,0
1531,Mantenimiento,Mendoza - Cuyo,Rotativo 14x14,Tiempo perdido (LTI),3,Condición insegura,Planta compresora,2024-07-20,17,7,2024,Q3,5,1,1
1532,Mantenimiento,Chubut - San Jorge,Rotativo 7x7,Primeros auxilios,1,Condición climática,Área eléctrica,2022-06-05,15,6,2022,Q2,0,0,0
1532,Mantenimiento,Chubut - San Jorge,Rotativo 7x7,Tratamiento médico,2,Fatiga/turno extendido,Área eléctrica,2024-03-12,8,3,2024,Q1,0,1,0
1533,Mantenimiento,Salta - NOA,Rotativo 14x14,Casi accidente (near miss),0,Falla de equipo,Área eléctrica,2022-06-19,13,6,2022,Q2,0,0,0
1534,Mantenimiento,Chubut - San Jorge,Diurno,Casi accidente (near miss),0,Condición insegura,Pozos / Drilling,2023-10-26,10,10,2023,Q4,0,0,0
1536,Mantenimiento,Mendoza - Cuyo,Diurno,Primeros auxilios,1,Falla de equipo,Taller mecánico,2022-11-02,16,11,2022,Q4,0,0,0
1536,Mantenimiento,Mendoza - Cuyo,Diurno,Tratamiento médico,2,Fatiga/turno extendido,Taller mecánico,2023-04-27,18,4,2023,Q2,0,1,0
1536,Mantenimiento,Mendoza - Cuyo,Diurno,Casi accidente (near miss),0,Comunicación deficiente,Taller mecánico,2024-09-16,9,9,2024,Q3,0,0,0
1537,Mantenimiento,Mendoza - Cuyo,Diurno,Casi accidente (near miss),0,Falla de equipo,Oficina / Comedor,2024-03-22,20,3,2024,Q1,0,0,0
1537,Mantenimiento,Mendoza - Cuyo,Diurno,Casi accidente (near miss),0,Falta de EPP,Pozos / Drilling,2022-10-08,18,10,2022,Q4,0,0,0
1540,Mantenimiento,Neuquén - Vaca Muerta,Diurno,Tratamiento médico,2,Procedimiento inadecuado,Taller mecánico,2023-05-04,15,5,2023,Q2,0,1,0
1541,Mantenimiento,Neuquén - Vaca Muerta,Rotativo 14x14,Tratamiento médico,2,Falta de EPP,Área eléctrica,2022-10-18,19,10,2022,Q4,0,1,0
1542,Mantenimiento,Mendoza - Cuyo,Nocturno,Casi accidente (near miss),0,Acto inseguro,Tanques / Almacenamiento,2023-02-02,21,2,2023,Q1,0,0,0
1545,Mantenimiento,Neuquén - Vaca Muerta,Rotativo 14x14,Tratamiento médico,2,Fatiga/turno extendido,Área eléctrica,2023-05-02,17,5,2023,Q2,0,1,0
1546,Mantenimiento,Chubut - San Jorge,Rotativo 14x14,Casi accidente (near miss),0,Acto inseguro,Oficina / Comedor,2024-04-01,9,4,2024,Q2,0,0,0
1546,Mantenimiento,Chubut - San Jorge,Rotativo 14x14,Incapacidad permanente parcial,4,Acto inseguro,Área eléctrica,2023-11-14,11,11,2023,Q4,55,1,0
1548,Mantenimiento,Neuquén - Vaca Muerta,Nocturno,Primeros auxilios,1,Procedimiento inadecuado,Oficina / Comedor,2024-05-01,12,5,2024,Q2,0,0,0
1549,Mantenimiento,Neuquén - Vaca Muerta,Rotativo 14x14,Primeros auxilios,1,Condición insegura,Área eléctrica,2024-09-25,11,9,2024,Q3,0,0,0
1549,Mantenimiento,Neuquén - Vaca Muerta,Rotativo 14x14,Primeros auxilios,1,Condición insegura,Tanques / Almacenamiento,2022-05-13,5,5,2022,Q2,0,0,0
1550,Mantenimiento,Chubut - San Jorge,Nocturno,Tiempo perdido (LTI),3,Acto inseguro,Área eléctrica,2023-07-27,17,7,2023,Q3,1,1,1
1551,Mantenimiento,Neuquén - Vaca Muerta,Rotativo 7x7,Casi accidente (near miss),0,Comunicación deficiente,Taller mecánico,2022-12-12,9,12,2022,Q4,0,0,0
1553,Mantenimiento,Neuquén - Vaca Muerta,Rotativo 7x7,Casi accidente (near miss),0,Condición climática,Taller mecánico,2023-01-06,17,1,2023,Q1,0,0,0
1554,Mantenimiento,Mendoza - Cuyo,Rotativo 14x14,Tiempo perdido (LTI),3,Condición insegura,Oficina / Comedor,2023-05-10,18,5,2023,Q2,1,1,1
1554,Mantenimiento,Mendoza - Cuyo,Rotativo 14x14,Casi accidente (near miss),0,Falla de equipo,Planta compresora,2023-01-01,2,1,2023,Q1,0,0,0
1555,Mantenimiento,Neuquén - Vaca Muerta,Rotativo 14x14,Tratamiento médico,2,Procedimiento inadecuado,Planta compresora,2022-09-15,7,9,2022,Q3,0,1,0
1556,Mantenimiento,Neuquén - Vaca Muerta,Nocturno,Primeros auxilios,1,Condición insegura,Pozos / Drilling,2022-04-08,12,4,2022,Q2,0,0,0
1561,Transporte,Mendoza - Cuyo,Rotativo 14x14,Casi accidente (near miss),0,Procedimiento inadecuado,Oficina / Comedor,2022-07-26,19,7,2022,Q3,0,0,0
1562,Transporte,Neuquén - Vaca Muerta,Diurno,Casi accidente (near miss),0,Fatiga/turno extendido,Oficina / Comedor,2022-02-11,12,2,2022,Q1,0,0,0
1563,Transporte,Salta - NOA,Rotativo 14x14,Casi accidente (near miss),0,Acto inseguro,Planta compresora,2022-06-26,9,6,2022,Q2,0,0,0
1563,Transporte,Salta - NOA,Rotativo 14x14,Casi accidente (near miss),0,Procedimiento inadecuado,Tanques / Almacenamiento,2024-11-26,12,11,2024,Q4,0,0,0
1565,Transporte,Salta - NOA,Rotativo 14x14,Casi accidente (near miss),0,Procedimiento inadecuado,Taller mecánico,2022-03-14,13,3,2022,Q1,0,0,0
1565,Transporte,Salta - NOA,Rotativo 14x14,Tratamiento médico,2,Comunicación deficiente,Pozos / Drilling,2024-03-03,10,3,2024,Q1,0,1,0
1567,Transporte,Neuquén - Vaca Muerta,Rotativo 7x7,Casi accidente (near miss),0,Comunicación deficiente,Taller mecánico,2022-09-26,17,9,2022,Q3,0,0,0
1571,Transporte,Oficina Central BA,Rotativo 7x7,Casi accidente (near miss),0,Condición insegura,Oficina / Comedor,2024-03-11,15,3,2024,Q1,0,0,0
1571,Transporte,Oficina Central BA,Rotativo 7x7,Primeros auxilios,1,Falla de equipo,Tanques / Almacenamiento,2024-05-19,3,5,2024,Q2,0,0,0
1571,Transporte,Oficina Central BA,Rotativo 7x7,Casi accidente (near miss),0,Fatiga/turno extendido,Transporte en ruta,2024-11-03,13,11,2024,Q4,0,0,0
1573,Transporte,Mendoza - Cuyo,Nocturno,Primeros auxilios,1,Condición climática,Tanques / Almacenamiento,2023-10-19,2,10,2023,Q4,0,0,0
1573,Transporte,Mendoza - Cuyo,Nocturno,Primeros auxilios,1,Comunicación deficiente,Transporte en ruta,2023-03-18,8,3,2023,Q1,0,0,0
1574,Transporte,Chubut - San Jorge,Rotativo 7x7,Casi accidente (near miss),0,Comunicación deficiente,Planta compresora,2023-11-01,15,11,2023,Q4,0,0,0
1576,Transporte,Oficina Central BA,Nocturno,Casi accidente (near miss),0,Fatiga/turno extendido,Área eléctrica,2024-04-25,8,4,2024,Q2,0,0,0
1576,Transporte,Oficina Central BA,Nocturno,Casi accidente (near miss),0,Condición insegura,Oficina / Comedor,2022-10-21,11,10,2022,Q4,0,0,0
1577,Transporte,Neuquén - Vaca Muerta,Diurno,Casi accidente (near miss),0,Procedimiento inadecuado,Oficina / Comedor,2024-01-04,11,1,2024,Q1,0,0,0
1577,Transporte,Neuquén - Vaca Muerta,Diurno,Tiempo perdido (LTI),3,Fatiga/turno extendido,Taller mecánico,2024-01-06,12,1,2024,Q1,12,1,1
1580,Transporte,Salta - NOA,Rotativo 14x14,Tiempo perdido (LTI),3,Acto inseguro,Área eléctrica,2022-09-28,11,9,2022,Q3,8,1,1
1581,Transporte,Neuquén - Vaca Muerta,Rotativo 7x7,Primeros auxilios,1,Comunicación deficiente,Tanques / Almacenamiento,2022-04-26,11,4,2022,Q2,0,0,0
1581,Transporte,Neuquén - Vaca Muerta,Rotativo 7x7,Casi accidente (near miss),0,Acto inseguro,Área eléctrica,2024-09-12,14,9,2024,Q3,0,0,0
1582,Transporte,Neuquén - Vaca Muerta,Nocturno,Primeros auxilios,1,Falla de equipo,Pozos / Drilling,2024-04-07,7,4,2024,Q2,0,0,0
1583,Transporte,Mendoza - Cuyo,Diurno,Primeros auxilios,1,Acto inseguro,Oficina / Comedor,2023-03-10,9,3,2023,Q1,0,0,0
1584,Transporte,Salta - NOA,Diurno,Incapacidad permanente parcial,4,Condición climática,Tanques / Almacenamiento,2022-05-06,12,5,2022,Q2,90,1,0
1584,Transporte,Salta - NOA,Diurno,Casi accidente (near miss),0,Comunicación deficiente,Oficina / Comedor,2023-12-02,15,12,2023,Q4,0,0,0
1584,Transporte,Salta - NOA,Diurno,Casi accidente (near miss),0,Fatiga/turno extendido,Oficina / Comedor,2023-05-21,8,5,2023,Q2,0,0,0
1585,Transporte,Chubut - San Jorge,Rotativo 7x7,Casi accidente (near miss),0,Condición insegura,Oficina / Comedor,2023-07-21,4,7,2023,Q3,0,0,0
1587,Transporte,Salta - NOA,Rotativo 14x14,Casi accidente (near miss),0,Procedimiento inadecuado,Taller mecánico,2023-03-22,2,3,2023,Q1,0,0,0
1587,Transporte,Salta - NOA,Rotativo 14x14,Casi accidente (near miss),0,Procedimiento inadecuado,Oficina / Comedor,2024-12-18,16,12,2024,Q4,0,0,0
1587,Transporte,Salta - NOA,Rotativo 14x14,Primeros auxilios,1,Comunicación deficiente,Tanques / Almacenamiento,2022-10-24,9,10,2022,Q4,0,0,0
1588,Transporte,Chubut - San Jorge,Rotativo 14x14,Casi accidente (near miss),0,Condición insegura,Tanques / Almacenamiento,2023-07-27,10,7,2023,Q3,0,0,0
1591,Transporte,Mendoza - Cuyo,Rotativo 7x7,Fatalidad,5,Condición climática,Planta compresora,2022-05-17,12,5,2022,Q2,0,1,0
1593,Transporte,Chubut - San Jorge,Rotativo 14x14,Tiempo perdido (LTI),3,Fatiga/turno extendido,Pozos / Drilling,2023-03-04,13,3,2023,Q1,11,1,1
1593,Transporte,Chubut - San Jorge,Rotativo 14x14,Tiempo perdido (LTI),3,Fatiga/turno extendido,Oficina / Comedor,2022-06-21,18,6,2022,Q2,2,1,1
1593,Transporte,Chubut - San Jorge,Rotativo 14x14,Casi accidente (near miss),0,Acto inseguro,Planta compresora,2024-08-28,8,8,2024,Q3,0,0,0
1593,Transporte,Chubut - San Jorge,Rotativo 14x14,Primeros auxilios,1,Condición climática,Planta compresora,2022-11-04,22,11,2022,Q4,0,0,0
1593,Transporte,Chubut - San Jorge,Rotativo 14x14,Primeros auxilios,1,Falla de equipo,Taller mecánico,2023-06-10,9,6,2023,Q2,0,0,0
1594,Transporte,Neuquén - Vaca Muerta,Rotativo 14x14,Casi accidente (near miss),0,Procedimiento inadecuado,Transporte en ruta,2024-12-15,1,12,2024,Q4,0,0,0
1595,Transporte,Salta - NOA,Nocturno,Primeros auxilios,1,Procedimiento inadecuado,Área eléctrica,2024-10-31,12,10,2024,Q4,0,0,0
1596,Transporte,Salta - NOA,Rotativo 14x14,Casi accidente (near miss),0,Acto inseguro,Taller mecánico,2024-03-23,10,3,2024,Q1,0,0,0
1597,Transporte,Salta - NOA,Rotativo 14x14,Tiempo perdido (LTI),3,Fatiga/turno extendido,Área eléctrica,2023-10-28,22,10,2023,Q4,23,1,1
1597,Transporte,Salta - NOA,Rotativo 14x14,Incapacidad permanente parcial,4,Fatiga/turno extendido,Tanques / Almacenamiento,2022-01-09,16,1,2022,Q1,88,1,0
1597,Transporte,Salta - NOA,Rotativo 14x14,Tratamiento médico,2,Acto inseguro,Oficina / Comedor,2024-12-09,3,12,2024,Q4,0,1,0
1598,Transporte,Neuquén - Vaca Muerta,Rotativo 7x7,Casi accidente (near miss),0,Falta de EPP,Oficina / Comedor,2022-03-08,6,3,2022,Q1,0,0,0
1599,Transporte,Chubut - San Jorge,Nocturno,Fatalidad,5,Procedimiento inadecuado,Área eléctrica,2023-12-20,13,12,2023,Q4,0,1,0
1600,Transporte,Mendoza - Cuyo,Nocturno,Tratamiento médico,2,Condición climática,Pozos / Drilling,2024-01-18,6,1,2024,Q1,0,1,0
1603,Transporte,Mendoza - Cuyo,Diurno,Tratamiento médico,2,Falla de equipo,Planta compresora,2023-12-19,7,12,2023,Q4,0,1,0
1604,Transporte,Chubut - San Jorge,Nocturno,Incapacidad permanente parcial,4,Acto inseguro,Taller mecánico,2023-08-03,15,8,2023,Q3,76,1,0
1606,Transporte,Neuquén - Vaca Muerta,Rotativo 14x14,Casi accidente (near miss),0,Condición climática,Transporte en ruta,2022-11-09,9,11,2022,Q4,0,0,0
1607,Transporte,Mendoza - Cuyo,Diurno,Casi accidente (near miss),0,Acto inseguro,Transporte en ruta,2024-04-24,11,4,2024,Q2,0,0,0
1608,Transporte,Mendoza - Cuyo,Diurno,Incidente ambiental,2,Falta de EPP,Transporte en ruta,2023-04-12,8,4,2023,Q2,0,1,0
1609,Transporte,Chubut - San Jorge,Rotativo 7x7,Tiempo perdido (LTI),3,Condición insegura,Oficina / Comedor,2023-08-22,10,8,2023,Q3,10,1,1
1609,Transporte,Chubut - San Jorge,Rotativo 7x7,Primeros auxilios,1,Condición climática,Área eléctrica,2022-02-19,6,2,2022,Q1,0,0,0
1610,Transporte,Mendoza - Cuyo,Diurno,Tiempo perdido (LTI),3,Falla de equipo,Tanques / Almacenamiento,2022-06-14,11,6,2022,Q2,4,1,1
1610,Transporte,Mendoza - Cuyo,Diurno,Primeros auxilios,1,Falla de equipo,Pozos / Drilling,2023-02-19,14,2,2023,Q1,0,0,0
1610,Transporte,Mendoza - Cuyo,Diurno,Primeros auxilios,1,Acto inseguro,Taller mecánico,2022-10-29,5,10,2022,Q4,0,0,0
1611,Transporte,Neuquén - Vaca Muerta,Rotativo 14x14,Casi accidente (near miss),0,Falta de EPP,Taller mecánico,2022-07-27,9,7,2022,Q3,0,0,0
1611,Transporte,Neuquén - Vaca Muerta,Rotativo 14x14,Casi accidente (near miss),0,Comunicación deficiente,Planta compresora,2024-10-07,13,10,2024,Q4,0,0,0
1611,Transporte,Neuquén - Vaca Muerta,Rotativo 14x14,Casi accidente (near miss),0,Procedimiento inadecuado,Oficina / Comedor,2022-10-22,21,10,2022,Q4,0,0,0
1611,Transporte,Neuquén - Vaca Muerta,Rotativo 14x14,Casi accidente (near miss),0,Condición insegura,Oficina / Comedor,2022-08-05,7,8,2022,Q3,0,0,0
1613,Transporte,Neuquén - Vaca Muerta,Rotativo 14x14,Casi accidente (near miss),0,Procedimiento inadecuado,Tanques / Almacenamiento,2022-05-22,9,5,2022,Q2,0,0,0
1614,Transporte,Neuquén - Vaca Muerta,Nocturno,Tratamiento médico,2,Comunicación deficiente,Taller mecánico,2024-02-05,9,2,2024,Q1,0,1,0
1614,Transporte,Neuquén - Vaca Muerta,Nocturno,Tratamiento médico,2,Fatiga/turno extendido,Área eléctrica,2023-05-18,15,5,2023,Q2,0,1,0
1615,Transporte,Neuquén - Vaca Muerta,Rotativo 14x14,Tiempo perdido (LTI),3,Condición insegura,Taller mecánico,2024-12-29,20,12,2024,Q4,12,1,1
1615,Transporte,Neuquén - Vaca Muerta,Rotativo 14x14,Primeros auxilios,1,Fatiga/turno extendido,Oficina / Comedor,2022-07-28,15,7,2022,Q3,0,0,0
1616,Transporte,Salta - NOA,Rotativo 7x7,Tratamiento médico,2,Falla de equipo,Taller mecánico,2024-12-08,8,12,2024,Q4,0,1,0
1616,Transporte,Salta - NOA,Rotativo 7x7,Primeros auxilios,1,Falta de EPP,Taller mecánico,2022-07-06,2,7,2022,Q3,0,0,0
1617,Transporte,Oficina Central BA,Rotativo 14x14,Casi accidente (near miss),0,Falta de EPP,Tanques / Almacenamiento,2024-04-14,21,4,2024,Q2,0,0,0
1619,Transporte,Neuquén - Vaca Muerta,Nocturno,Tratamiento médico,2,Falla de equipo,Tanques / Almacenamiento,2023-12-05,9,12,2023,Q4,0,1,0
1621,Transporte,Neuquén - Vaca Muerta,Rotativo 14x14,Primeros auxilios,1,Condición insegura,Taller mecánico,2022-06-23,8,6,2022,Q2,0,0,0
1622,Transporte,Salta - NOA,Rotativo 14x14,Casi accidente (near miss),0,Condición insegura,Transporte en ruta,2023-07-05,12,7,2023,Q3,0,0,0
1622,Transporte,Salta - NOA,Rotativo 14x14,Tratamiento médico,2,Condición insegura,Transporte en ruta,2023-02-01,8,2,2023,Q1,0,1,0
1623,Transporte,Neuquén - Vaca Muerta,Rotativo 14x14,Primeros auxilios,1,Falla de equipo,Transporte en ruta,2022-06-02,20,6,2022,Q2,0,0,0
1623,Transporte,Neuquén - Vaca Muerta,Rotativo 14x14,Tratamiento médico,2,Falta de EPP,Área eléctrica,2022-01-20,13,1,2022,Q1,0,1,0
1624,Transporte,Salta - NOA,Rotativo 14x14,Incapacidad permanente parcial,4,Falta de EPP,Área eléctrica,2023-11-02,17,11,2023,Q4,107,1,0
1624,Transporte,Salta - NOA,Rotativo 14x14,Casi accidente (near miss),0,Falta de EPP,Oficina / Comedor,2023-05-23,7,5,2023,Q2,0,0,0
1624,Transporte,Salta - NOA,Rotativo 14x14,Tiempo perdido (LTI),3,Procedimiento inadecuado,Oficina / Comedor,2022-02-11,7,2,2022,Q1,1,1,1
1625,Transporte,Chubut - San Jorge,Rotativo 14x14,Casi accidente (near miss),0,Comunicación deficiente,Transporte en ruta,2024-09-28,19,9,2024,Q3,0,0,0
1626,Transporte,Neuquén - Vaca Muerta,Rotativo 7x7,Incidente ambiental,2,Comunicación deficiente,Área eléctrica,2022-02-18,8,2,2022,Q1,0,1,0
1626,Transporte,Neuquén - Vaca Muerta,Rotativo 7x7,Incapacidad permanente parcial,4,Comunicación deficiente,Tanques / Almacenamiento,2023-09-06,4,9,2023,Q3,42,1,0
1626,Transporte,Neuquén - Vaca Muerta,Rotativo 7x7,Primeros auxilios,1,Acto inseguro,Oficina / Comedor,2023-11-28,16,11,2023,Q4,0,0,0
1627,Transporte,Neuquén - Vaca Muerta,Nocturno,Tiempo perdido (LTI),3,Condición insegura,Oficina / Comedor,2024-03-12,16,3,2024,Q1,45,1,1
1628,Transporte,Oficina Central BA,Nocturno,Primeros auxilios,1,Acto inseguro,Área eléctrica,2023-09-28,10,9,2023,Q3,0,0,0
1628,Transporte,Oficina Central BA,Nocturno,Tratamiento médico,2,Falta de EPP,Oficina / Comedor,2024-02-29,23,2,2024,Q1,0,1,0
1629,Transporte,Mendoza - Cuyo,Nocturno,Casi accidente (near miss),0,Fatiga/turno extendido,Área eléctrica,2024-09-07,14,9,2024,Q3,0,0,0
1629,Transporte,Mendoza - Cuyo,Nocturno,Primeros auxilios,1,Condición insegura,Tanques / Almacenamiento,2022-08-29,10,8,2022,Q3,0,0,0
1630,Transporte,Neuquén - Vaca Muerta,Rotativo 14x14,Incidente ambiental,2,Condición climática,Área eléctrica,2024-12-09,23,12,2024,Q4,0,1,0
1631,Transporte,Chubut - San Jorge,Diurno,Casi accidente (near miss),0,Condición insegura,Taller mecánico,2022-09-03,21,9,2022,Q3,0,0,0
1632,Transporte,Neuquén - Vaca Muerta,Rotativo 7x7,Casi accidente (near miss),0,Condición climática,Transporte en ruta,2022-04-07,18,4,2022,Q2,0,0,0
1633,Transporte,Neuquén - Vaca Muerta,Rotativo 14x14,Primeros auxilios,1,Falta de EPP,Tanques / Almacenamiento,2023-09-24,12,9,2023,Q3,0,0,0
1633,Transporte,Neuquén - Vaca Muerta,Rotativo 14x14,Primeros auxilios,1,Falta de EPP,Taller mecánico,2024-05-27,17,5,2024,Q2,0,0,0
1633,Transporte,Neuquén - Vaca Muerta,Rotativo 14x14,Primeros auxilios,1,Condición insegura,Planta compresora,2022-08-07,14,8,2022,Q3,0,0,0
1634,Transporte,Neuquén - Vaca Muerta,Diurno,Casi accidente (near miss),0,Acto inseguro,Planta compresora,2022-03-26,11,3,2022,Q1,0,0,0
1635,Transporte,Oficina Central BA,Rotativo 14x14,Casi accidente (near miss),0,Fatiga/turno extendido,Pozos / Drilling,2022-03-05,18,3,2022,Q1,0,0,0
1635,Transporte,Oficina Central BA,Rotativo 14x14,Tratamiento médico,2,Acto inseguro,Pozos / Drilling,2023-01-07,10,1,2023,Q1,0,1,0
1635,Transporte,Oficina Central BA,Rotativo 14x14,Tratamiento médico,2,Falla de equipo,Transporte en ruta,2024-06-09,8,6,2024,Q2,0,1,0
1637,Transporte,Salta - NOA,Rotativo 7x7,Primeros auxilios,1,Fatiga/turno extendido,Pozos / Drilling,2023-02-26,8,2,2023,Q1,0,0,0
1639,Transporte,Neuquén - Vaca Muerta,Diurno,Tiempo perdido (LTI),3,Comunicación deficiente,Pozos / Drilling,2022-01-06,16,1,2022,Q1,1,1,1
1640,Transporte,Salta - NOA,Rotativo 14x14,Casi accidente (near miss),0,Condición climática,Pozos / Drilling,2024-08-01,19,8,2024,Q3,0,0,0
1641,Transporte,Chubut - San Jorge,Nocturno,Casi accidente (near miss),0,Comunicación deficiente,Oficina / Comedor,2023-12-13,11,12,2023,Q4,0,0,0
1641,Transporte,Chubut - San Jorge,Nocturno,Casi accidente (near miss),0,Acto inseguro,Pozos / Drilling,2023-12-13,9,12,2023,Q4,0,0,0
1641,Transporte,Chubut - San Jorge,Nocturno,Primeros auxilios,1,Falla de equipo,Planta compresora,2022-07-14,19,7,2022,Q3,0,0,0
1642,Transporte,Neuquén - Vaca Muerta,Rotativo 7x7,Casi accidente (near miss),0,Falla de equipo,Taller mecánico,2022-01-20,6,1,2022,Q1,0,0,0
1644,Transporte,Mendoza - Cuyo,Rotativo 14x14,Primeros auxilios,1,Procedimiento inadecuado,Área eléctrica,2022-05-24,7,5,2022,Q2,0,0,0
1644,Transporte,Mendoza - Cuyo,Rotativo 14x14,Tiempo perdido (LTI),3,Procedimiento inadecuado,Planta compresora,2024-05-09,18,5,2024,Q2,2,1,1
1644,Transporte,Mendoza - Cuyo,Rotativo 14x14,Primeros auxilios,1,Falta de EPP,Oficina / Comedor,2024-12-25,21,12,2024,Q4,0,0,0
1644,Transporte,Mendoza - Cuyo,Rotativo 14x14,Casi accidente (near miss),0,Acto inseguro,Oficina / Comedor,2022-10-11,10,10,2022,Q4,0,0,0
1648,Transporte,Mendoza - Cuyo,Rotativo 7x7,Casi accidente (near miss),0,Procedimiento inadecuado,Tanques / Almacenamiento,2022-07-26,8,7,2022,Q3,0,0,0
1648,Transporte,Mendoza - Cuyo,Rotativo 7x7,Casi accidente (near miss),0,Falta de EPP,Planta compresora,2022-10-19,11,10,2022,Q4,0,0,0
1649,Transporte,Salta - NOA,Rotativo 14x14,Primeros auxilios,1,Fatiga/turno extendido,Taller mecánico,2022-09-22,6,9,2022,Q3,0,0,0
1653,Transporte,Chubut - San Jorge,Rotativo 14x14,Tiempo perdido (LTI),3,Condición insegura,Taller mecánico,2022-11-05,19,11,2022,Q4,4,1,1
1653,Transporte,Chubut - San Jorge,Rotativo 14x14,Casi accidente (near miss),0,Falla de equipo,Transporte en ruta,2022-04-18,22,4,2022,Q2,0,0,0
1660,Transporte,Salta - NOA,Nocturno,Primeros auxilios,1,Condición insegura,Taller mecánico,2024-12-27,8,12,2024,Q4,0,0,0
1660,Transporte,Salta - NOA,Nocturno,Incidente ambiental,2,Falla de equipo,Oficina / Comedor,2022-07-15,13,7,2022,Q3,0,1,0
1661,Transporte,Neuquén - Vaca Muerta,Rotativo 14x14,Incapacidad permanente parcial,4,Fatiga/turno extendido,Planta compresora,2023-09-16,8,9,2023,Q3,37,1,0
1662,Transporte,Neuquén - Vaca Muerta,Diurno,Primeros auxilios,1,Falla de equipo,Planta compresora,2024-12-30,15,12,2024,Q4,0,0,0
1664,Transporte,Mendoza - Cuyo,Diurno,Casi accidente (near miss),0,Condición insegura,Área eléctrica,2024-02-17,10,2,2024,Q1,0,0,0
1664,Transporte,Mendoza - Cuyo,Diurno,Casi accidente (near miss),0,Falta de EPP,Pozos / Drilling,2024-12-30,14,12,2024,Q4,0,0,0
1665,Transporte,Oficina Central BA,Nocturno,Casi accidente (near miss),0,Comunicación deficiente,Oficina / Comedor,2023-12-30,19,12,2023,Q4,0,0,0
1665,Transporte,Oficina Central BA,Nocturno,Casi accidente (near miss),0,Condición climática,Transporte en ruta,2023-01-31,16,1,2023,Q1,0,0,0
1666,Transporte,Neuquén - Vaca Muerta,Nocturno,Incapacidad permanente parcial,4,Fatiga/turno extendido,Oficina / Comedor,2023-08-28,17,8,2023,Q3,71,1,0
1668,Transporte,Neuquén - Vaca Muerta,Rotativo 7x7,Tratamiento médico,2,Procedimiento inadecuado,Transporte en ruta,2022-11-05,8,11,2022,Q4,0,1,0
1669,Transporte,Chubut - San Jorge,Rotativo 14x14,Casi accidente (near miss),0,Falta de EPP,Oficina / Comedor,2024-12-29,8,12,2024,Q4,0,0,0
1671,HSE,Neuquén - Vaca Muerta,Diurno,Primeros auxilios,1,Fatiga/turno extendido,Área eléctrica,2022-01-12,19,1,2022,Q1,0,0,0
1675,HSE,Chubut - San Jorge,Diurno,Casi accidente (near miss),0,Fatiga/turno extendido,Pozos / Drilling,2022-05-10,7,5,2022,Q2,0,0,0
1680,HSE,Neuquén - Vaca Muerta,Diurno,Tratamiento médico,2,Procedimiento inadecuado,Área eléctrica,2022-11-13,15,11,2022,Q4,0,1,0
1680,HSE,Neuquén - Vaca Muerta,Diurno,Casi accidente (near miss),0,Acto inseguro,Transporte en ruta,2022-09-14,6,9,2022,Q3,0,0,0
1681,HSE,Mendoza - Cuyo,Diurno,Casi accidente (near miss),0,Comunicación deficiente,Tanques / Almacenamiento,2022-09-19,19,9,2022,Q3,0,0,0
1688,HSE,Mendoza - Cuyo,Diurno,Primeros auxilios,1,Acto inseguro,Área eléctrica,2022-10-17,18,10,2022,Q4,0,0,0
1692,HSE,Neuquén - Vaca Muerta,Diurno,Primeros auxilios,1,Acto inseguro,Taller mecánico,2023-07-09,9,7,2023,Q3,0,0,0
1693,HSE,Neuquén - Vaca Muerta,Diurno,Casi accidente (near miss),0,Fatiga/turno extendido,Planta compresora,2022-04-24,9,4,2022,Q2,0,0,0
1694,HSE,Mendoza - Cuyo,Diurno,Casi accidente (near miss),0,Fatiga/turno extendido,Planta compresora,2023-06-11,20,6,2023,Q2,0,0,0
1698,HSE,Salta - NOA,Diurno,Primeros auxilios,1,Fatiga/turno extendido,Transporte en ruta,2023-10-23,12,10,2023,Q4,0,0,0
1699,HSE,Neuquén - Vaca Muerta,Diurno,Tratamiento médico,2,Falla de equipo,Tanques / Almacenamiento,2023-11-28,23,11,2023,Q4,0,1,0
1704,HSE,Chubut - San Jorge,Diurno,Casi accidente (near miss),0,Falta de EPP,Tanques / Almacenamiento,2022-04-24,19,4,2022,Q2,0,0,0
1704,HSE,Chubut - San Jorge,Diurno,Primeros auxilios,1,Procedimiento inadecuado,Planta compresora,2024-09-12,11,9,2024,Q3,0,0,0
1716,Administración,Oficina Central BA,Diurno,Casi accidente (near miss),0,Acto inseguro,Área eléctrica,2023-02-21,14,2,2023,Q1,0,0,0
1720,Administración,Oficina Central BA,Diurno,Tratamiento médico,2,Comunicación deficiente,Pozos / Drilling,2023-12-29,14,12,2023,Q4,0,1,0
1730,Administración,Oficina Central BA,Diurno,Casi accidente (near miss),0,Procedimiento inadecuado,Taller mecánico,2024-06-20,14,6,2024,Q2,0,0,0
1731,Administración,Oficina Central BA,Diurno,Incidente ambiental,2,Acto inseguro,Transporte en ruta,2024-11-01,10,11,2024,Q4,0,1,0
1749,Administración,Oficina Central BA,Diurno,Casi accidente (near miss),0,Condición insegura,Taller mecánico,2023-05-16,12,5,2023,Q2,0,0,0
1756,Administración,Oficina Central BA,Diurno,Casi accidente (near miss),0,Falta de EPP,Pozos / Drilling,2023-05-23,17,5,2023,Q2,0,0,0
1775,Administración,Oficina Central BA,Diurno,Casi accidente (near miss),0,Acto inseguro,Área eléctrica,2022-04-11,14,4,2022,Q2,0,0,0
1790,Ingeniería,Neuquén - Vaca Muerta,Diurno,Casi accidente (near miss),0,Falta de EPP,Planta compresora,2024-06-24,7,6,2024,Q2,0,0,0
1793,Ingeniería,Chubut - San Jorge,Diurno,Primeros auxilios,1,Comunicación deficiente,Área eléctrica,2023-05-12,14,5,2023,Q2,0,0,0
1794,Ingeniería,Chubut - San Jorge,Diurno,Primeros auxilios,1,Falla de equipo,Oficina / Comedor,2023-12-11,19,12,2023,Q4,0,0,0
1795,Ingeniería,Neuquén - Vaca Muerta,Diurno,Casi accidente (near miss),0,Falta de EPP,Tanques / Almacenamiento,2023-07-29,14,7,2023,Q3,0,0,0
1796,Ingeniería,Mendoza - Cuyo,Diurno,Primeros auxilios,1,Procedimiento inadecuado,Pozos / Drilling,2022-07-26,8,7,2022,Q3,0,0,0
1802,Ingeniería,Chubut - San Jorge,Diurno,Casi accidente (near miss),0,Fatiga/turno extendido,Planta compresora,2024-12-14,6,12,2024,Q4,0,0,0
1807,Ingeniería,Salta - NOA,Diurno,Casi accidente (near miss),0,Condición climática,Transporte en ruta,2023-11-24,0,11,2023,Q4,0,0,0
1808,Ingeniería,Neuquén - Vaca Muerta,Diurno,Primeros auxilios,1,Procedimiento inadecuado,Taller mecánico,2024-10-22,8,10,2024,Q4,0,0,0
1808,Ingeniería,Neuquén - Vaca Muerta,Diurno,Casi accidente (near miss),0,Falta de EPP,Tanques / Almacenamiento,2024-07-24,16,7,2024,Q3,0,0,0
1814,Ingeniería,Neuquén - Vaca Muerta,Diurno,Tratamiento médico,2,Fatiga/turno extendido,Tanques / Almacenamiento,2024-07-29,15,7,2024,Q3,0,1,0
1814,Ingeniería,Neuquén - Vaca Muerta,Diurno,Casi accidente (near miss),0,Comunicación deficiente,Taller mecánico,2022-03-19,0,3,2022,Q1,0,0,0
1820,Ingeniería,Salta - NOA,Diurno,Tiempo perdido (LTI),3,Condición insegura,Transporte en ruta,2024-11-11,16,11,2024,Q4,10,1,1
1822,Ingeniería,Salta - NOA,Diurno,Casi accidente (near miss),0,Condición climática,Planta compresora,2023-08-21,15,8,2023,Q3,0,0,0
1822,Ingeniería,Salta - NOA,Diurno,Tratamiento médico,2,Comunicación deficiente,Tanques / Almacenamiento,2022-04-01,10,4,2022,Q2,0,1,0
1829,Ingeniería,Neuquén - Vaca Muerta,Diurno,Casi accidente (near miss),0,Acto inseguro,Planta compresora,2023-10-24,13,10,2023,Q4,0,0,0
1829,Ingeniería,Neuquén - Vaca Muerta,Diurno,Tratamiento médico,2,Fatiga/turno extendido,Oficina / Comedor,2023-09-23,18,9,2023,Q3,0,1,0
1834,Ingeniería,Salta - NOA,Diurno,Primeros auxilios,1,Comunicación deficiente,Pozos / Drilling,2024-10-01,10,10,2024,Q4,0,0,0
1841,Ingeniería,Neuquén - Vaca Muerta,Diurno,Tratamiento médico,2,Falla de equipo,Pozos / Drilling,2023-08-05,6,8,2023,Q3,0,1,0
1844,Ingeniería,Chubut - San Jorge,Diurno,Casi accidente (near miss),0,Procedimiento inadecuado,Pozos / Drilling,2024-08-12,19,8,2024,Q3,0,0,0
1847,Ingeniería,Chubut - San Jorge,Diurno,Primeros auxilios,1,Fatiga/turno extendido,Área eléctrica,2024-08-27,11,8,2024,Q3,0,0,0
1848,Ingeniería,Mendoza - Cuyo,Diurno,Tiempo perdido (LTI),3,Procedimiento inadecuado,Área eléctrica,2022-05-12,9,5,2022,Q2,13,1,1
1849,Ingeniería,Neuquén - Vaca Muerta,Diurno,Primeros auxilios,1,Comunicación deficiente,Tanques / Almacenamiento,2023-09-20,9,9,2023,Q3,0,0,0
